fs_hz,samples,duration_s,seed,truth_deg,kernel_half_width,relative_waveform_l2,propagation_angular_difference_deg,oracle_angular_error_deg,fir_angular_error_deg
16000,683,0.0426875,11,7.37,16,3.284528677472032e-06,2.4930760247343642e-05,-0.4445539064568038,-0.44452897569655647
16000,683,0.0426875,11,7.37,32,2.5033606665080316e-06,1.179383301064263e-05,-0.4445539064568038,-0.4445421126237932
16000,683,0.0426875,11,7.37,64,2.124552993117871e-06,-1.4262463963632399e-05,-0.4445539064568038,-0.44456816892079587
16000,683,0.0426875,11,37.37,16,4.354552153015191e-06,1.8841164830973867e-05,0.18119370064604823,0.1812125418108792
16000,683,0.0426875,11,37.37,32,3.3141317759156442e-06,8.944963894919056e-06,0.18119370064604823,0.18120264560994315
16000,683,0.0426875,11,37.37,64,2.812138476841606e-06,-1.1086014751526818e-05,0.18119370064604823,0.1811826146312967
16000,683,0.0426875,11,67.37,16,3.681286945241221e-06,2.7702612271696125e-05,0.4417521456449549,0.4417798482571982
16000,683,0.0426875,11,67.37,32,2.8064941717405917e-06,1.2996520013075497e-05,0.4417521456449549,0.44176514216493956
16000,683,0.0426875,11,67.37,64,2.380665993105027e-06,-1.632815096286322e-05,0.4417521456449549,0.4417358174939636
16000,683,0.0426875,11,97.37,16,4.53413299821306e-06,1.8821142987235362e-05,-0.17865781425615523,-0.178638993113168
16000,683,0.0426875,11,97.37,32,3.459313427627217e-06,8.804508922821697e-06,-0.17865781425615523,-0.1786490097472324
16000,683,0.0426875,11,97.37,64,2.931257029628146e-06,-1.1618004634783574e-05,-0.17865781425615523,-0.17866943226079002
16000,683,0.0426875,11,127.37,16,3.284528677472032e-06,2.4930760247343642e-05,-0.4445539064568038,-0.44452897569652805
16000,683,0.0426875,11,127.37,32,2.5033606665080316e-06,1.179383301064263e-05,-0.4445539064568038,-0.44454211262376475
16000,683,0.0426875,11,127.37,64,2.124552993117871e-06,-1.4262463992054109e-05,-0.4445539064568038,-0.44456816892079587
16000,683,0.0426875,11,157.37,16,4.354552153015191e-06,1.8841164802552157e-05,0.18119370064610507,0.18121254181090762
16000,683,0.0426875,11,157.37,32,3.3141317759156447e-06,8.944963894919056e-06,0.18119370064610507,0.18120264561
16000,683,0.0426875,11,157.37,64,2.812138476841606e-06,-1.1086014751526818e-05,0.18119370064610507,0.18118261463135354
16000,683,0.0426875,11,187.37,16,3.681286945241221e-06,2.7702612214852707e-05,0.4417521456449549,0.44177984825716976
16000,683,0.0426875,11,187.37,32,2.8064941717405913e-06,1.2996520041497206e-05,0.4417521456449549,0.441765142164968
16000,683,0.0426875,11,187.37,64,2.380665993105027e-06,-1.63281509060198e-05,0.4417521456449549,0.44173581749402047
16000,683,0.0426875,11,217.37,16,4.5341329975146586e-06,1.8821143271452456e-05,-0.17865781425621208,-0.17863899311294062
16000,683,0.0426875,11,217.37,32,3.4593134274588663e-06,8.804509178617081e-06,-0.17865781425621208,-0.17864900974706188
16000,683,0.0426875,11,217.37,64,2.931257030123312e-06,-1.161800435056648e-05,-0.17865781425621208,-0.17866943226056264
16000,683,0.0426875,11,247.37,16,3.2845286796952057e-06,2.4930760503139027e-05,-0.44455390645686066,-0.4445289756963575
16000,683,0.0426875,11,247.37,32,2.5033606670021876e-06,1.1793833266438014e-05,-0.44455390645686066,-0.4445421126235942
16000,683,0.0426875,11,247.37,64,2.1245529927473246e-06,-1.4262463764680433e-05,-0.44455390645686066,-0.4445681689205685
16000,683,0.0426875,11,277.37,16,4.354552154973961e-06,1.8841165001504123e-05,0.18119370064607665,0.18121254181107815
16000,683,0.0426875,11,277.37,32,3.3141317763370313e-06,8.944964122292731e-06,0.18119370064607665,0.1812026456101421
16000,683,0.0426875,11,277.37,64,2.81213847643138e-06,-1.1086014524153143e-05,0.18119370064607665,0.1811826146315525
16000,683,0.0426875,11,307.37,16,3.681286945241221e-06,2.7702612243274416e-05,0.4417521456449549,0.4417798482572266
16000,683,0.0426875,11,307.37,32,2.8064941717405917e-06,1.2996519984653787e-05,0.4417521456449549,0.441765142164968
16000,683,0.0426875,11,307.37,64,2.380665993105027e-06,-1.632815093444151e-05,0.4417521456449549,0.44173581749402047
16000,683,0.0426875,11,337.37,16,4.534132996382472e-06,1.882114301565707e-05,-0.17865781425615523,-0.17863899311311116
16000,683,0.0426875,11,337.37,32,3.4593134272404563e-06,8.804508951243406e-06,-0.17865781425615523,-0.17864900974717557
16000,683,0.0426875,11,337.37,64,2.931257029969923e-06,-1.1618004577940155e-05,-0.17865781425615523,-0.17866943226073317
16000,683,0.0426875,29,7.37,16,3.3952949587074284e-06,1.7342836684974827e-05,-0.44351833955440156,-0.4435009967177166
16000,683,0.0426875,29,7.37,32,2.3836219212481346e-06,8.152625696311588e-06,-0.44351833955440156,-0.44351018692870525
16000,683,0.0426875,29,7.37,64,2.06901495591729e-06,8.20916454813414e-08,-0.44351833955440156,-0.4435182574627561
16000,683,0.0426875,29,37.37,16,4.499893130559353e-06,1.3187575916617789e-05,0.1807678197301641,0.1807810073060807
16000,683,0.0426875,29,37.37,32,3.1572530028064184e-06,6.097329560361686e-06,0.1807678197301641,0.18077391705972445
16000,683,0.0426875,29,37.37,64,2.738835819633037e-06,1.9254579797234328e-07,0.1807678197301641,0.18076801227596206
16000,683,0.0426875,29,67.37,16,3.807363252085955e-06,1.8746964911997566e-05,0.4407315272129324,0.4407502741778444
16000,683,0.0426875,29,67.37,32,2.673310084298818e-06,9.007834563590222e-06,0.4407315272129324,0.440740535047496
16000,683,0.0426875,29,67.37,64,2.321547733460449e-06,-1.0713614528867765e-07,0.4407315272129324,0.4407314200767587
16000,683,0.0426875,29,97.37,16,4.695905634842566e-06,1.234071271483117e-05,-0.1782449116025191,-0.17823257088980426
16000,683,0.0426875,29,97.37,32,3.2942081428109843e-06,6.063733565042639e-06,-0.1782449116025191,-0.17823884786895405
16000,683,0.0426875,29,97.37,64,2.8628332344906366e-06,-1.9031804754376935e-07,-0.1782449116025191,-0.17824510192056664
16000,683,0.0426875,29,127.37,16,3.3952949587074276e-06,1.7342836656553118e-05,-0.44351833955437314,-0.4435009967177166
16000,683,0.0426875,29,127.37,32,2.3836219212481346e-06,8.152625667889879e-06,-0.44351833955437314,-0.44351018692870525
16000,683,0.0426875,29,127.37,64,2.06901495591729e-06,8.209161705963197e-08,-0.44351833955437314,-0.4435182574627561
16000,683,0.0426875,29,157.37,16,4.499893130559352e-06,1.318757585977437e-05,0.18076781973022094,0.1807810073060807
16000,683,0.0426875,29,157.37,32,3.1572530028064175e-06,6.097329531939977e-06,0.18076781973022094,0.18077391705975288
16000,683,0.0426875,29,157.37,64,2.7388358196330364e-06,1.9254576955063385e-07,0.18076781973022094,0.1807680122759905
16000,683,0.0426875,29,187.37,16,3.807363252085955e-06,1.8746964883575856e-05,0.4407315272129608,0.4407502741778444
16000,683,0.0426875,29,187.37,32,2.673310084298818e-06,9.007834535168513e-06,0.4407315272129608,0.440740535047496
16000,683,0.0426875,29,187.37,64,2.321547733460449e-06,-1.0713617371038708e-07,0.4407315272129608,0.4407314200767587
16000,683,0.0426875,29,217.37,16,4.695905634311209e-06,1.2340712913783136e-05,-0.17824491160257594,-0.17823257088969058
16000,683,0.0426875,29,217.37,32,3.2942081427677094e-06,6.063733820838024e-06,-0.17824491160257594,-0.17823884786878352
16000,683,0.0426875,29,217.37,64,2.8628332344953038e-06,-1.903178201700939e-07,-0.17824491160257594,-0.17824510192042453
16000,683,0.0426875,29,247.37,16,3.3952949581979152e-06,1.7342836940770212e-05,-0.44351833955443,-0.4435009967174892
16000,683,0.0426875,29,247.37,32,2.3836219223188503e-06,8.152625952106973e-06,-0.44351833955443,-0.4435101869285063
16000,683,0.0426875,29,247.37,64,2.0690149556273763e-06,8.209190127672628e-08,-0.44351833955443,-0.4435182574625287
16000,683,0.0426875,29,277.37,16,4.49989313006889e-06,1.3187576087148045e-05,0.1807678197301925,0.18078100730627966
16000,683,0.0426875,29,277.37,32,3.157253003721499e-06,6.097329730891943e-06,0.1807678197301925,0.1807739170599234
16000,683,0.0426875,29,277.37,64,2.7388358194172026e-06,1.925459969243093e-07,0.1807678197301925,0.18076801227618944
16000,683,0.0426875,29,307.37,16,3.8073632520859555e-06,1.8746964940419275e-05,0.4407315272129608,0.44075027417790125
16000,683,0.0426875,29,307.37,32,2.673310084298818e-06,9.007834563590222e-06,0.4407315272129608,0.44074053504755284
16000,683,0.0426875,29,307.37,64,2.3215477334604496e-06,-1.0713614528867765e-07,0.4407315272129608,0.44073142007681554
16000,683,0.0426875,29,337.37,16,4.695905635307182e-06,1.234071271483117e-05,-0.1782449116025191,-0.17823257088980426
16000,683,0.0426875,29,337.37,32,3.2942081419598157e-06,6.063733593464349e-06,-0.1782449116025191,-0.1782388478688972
16000,683,0.0426875,29,337.37,64,2.8628332347158203e-06,-1.9031801912205992e-07,-0.1782449116025191,-0.17824510192053822
48000,2048,0.042666666666666665,11,7.37,16,1.8296166508277194e-06,-8.485664011459448e-06,-0.4445034733896023,-0.4445119590535853
48000,2048,0.042666666666666665,11,7.37,32,3.393821269367314e-06,-3.2320570255706116e-06,-0.4445034733896023,-0.44450670544662785
48000,2048,0.042666666666666665,11,7.37,64,2.6798258192397826e-06,-2.1806710321925493e-06,-0.4445034733896023,-0.44450565406060605
48000,2048,0.042666666666666665,11,37.37,16,1.5908771825136883e-06,-2.2406488994874962e-05,0.18143748770896195,0.18141508121993866
48000,2048,0.042666666666666665,11,37.37,32,2.9563553556637783e-06,-8.678344812551586e-06,0.18143748770896195,0.1814288093641494
48000,2048,0.042666666666666665,11,37.37,64,2.33432330665951e-06,-5.435514083274029e-06,0.18143748770896195,0.18143205219487868
48000,2048,0.042666666666666665,11,67.37,16,1.8918464210399755e-06,-3.839733153654379e-08,0.44171210642042524,0.4417120680230937
48000,2048,0.042666666666666665,11,67.37,32,3.50169778827182e-06,1.250350294412783e-07,0.44171210642042524,0.4417122314554831
48000,2048,0.042666666666666665,11,67.37,64,2.762985915711947e-06,2.1822319240527577e-07,0.44171210642042524,0.44171232464361765
48000,2048,0.042666666666666665,11,97.37,16,1.3536127531325052e-06,-1.9667577987547702e-05,-0.1786550115699015,-0.17867467914788904
48000,2048,0.042666666666666665,11,97.37,32,2.5105230064444244e-06,-7.5305076165932405e-06,-0.1786550115699015,-0.17866254207751808
48000,2048,0.042666666666666665,11,97.37,64,1.983939266080171e-06,-4.682826727275824e-06,-0.1786550115699015,-0.17865969439662877
48000,2048,0.042666666666666665,11,127.37,16,1.8296166508277194e-06,-8.485664068302867e-06,-0.44450347338954543,-0.44451195905361374
48000,2048,0.042666666666666665,11,127.37,32,3.393821269367314e-06,-3.232057053992321e-06,-0.44450347338954543,-0.4445067054465994
48000,2048,0.042666666666666665,11,127.37,64,2.679825819239782e-06,-2.1806710606142587e-06,-0.44450347338954543,-0.44450565406060605
48000,2048,0.042666666666666665,11,157.37,16,1.5908771825136883e-06,-2.240648905171838e-05,0.18143748770904722,0.1814150812199955
48000,2048,0.042666666666666665,11,157.37,32,2.9563553556637783e-06,-8.678344869395005e-06,0.18143748770904722,0.18142880936417782
48000,2048,0.042666666666666665,11,157.37,64,2.3343233066595095e-06,-5.435514168539157e-06,0.18143748770904722,0.18143205219487868
48000,2048,0.042666666666666665,11,187.37,16,1.8918464210399755e-06,-3.839744522338151e-08,0.4417121064204821,0.4417120680230937
48000,2048,0.042666666666666665,11,187.37,32,3.50169778827182e-06,1.2503500101956888e-07,0.4417121064204821,0.44171223145553995
48000,2048,0.042666666666666665,11,187.37,64,2.762985915711948e-06,2.1822316398356634e-07,0.4417121064204821,0.4417123246436745
48000,2048,0.042666666666666665,11,217.37,16,1.3536127525261408e-06,-1.966757753280035e-05,-0.17865501156995833,-0.17867467914749113
48000,2048,0.042666666666666665,11,217.37,32,2.5105230068134165e-06,-7.530507389219565e-06,-0.17865501156995833,-0.17866254207734755
48000,2048,0.042666666666666665,11,217.37,64,1.9839392672928002e-06,-4.682826386215311e-06,-0.17865501156995833,-0.17865969439634455
48000,2048,0.042666666666666665,11,247.37,16,1.8296166516825345e-06,-8.485663727242354e-06,-0.4445034733896023,-0.4445119590533295
48000,2048,0.042666666666666665,11,247.37,32,3.393821269878303e-06,-3.232056712931808e-06,-0.4445034733896023,-0.4445067054463152
48000,2048,0.042666666666666665,11,247.37,64,2.6798258197752303e-06,-2.180670747975455e-06,-0.4445034733896023,-0.44450565406032183
48000,2048,0.042666666666666665,11,277.37,16,1.5908771815937832e-06,-2.2406488881188125e-05,0.18143748770899037,0.1814150812201092
48000,2048,0.042666666666666665,11,277.37,32,2.95635535513852e-06,-8.67834464202133e-06,0.18143748770899037,0.18142880936431993
48000,2048,0.042666666666666665,11,277.37,64,2.3343233060590194e-06,-5.435513912743772e-06,0.18143748770899037,0.18143205219507763
48000,2048,0.042666666666666665,11,307.37,16,1.8918464210399753e-06,-3.839738837996265e-08,0.4417121064204821,0.4417120680230937
48000,2048,0.042666666666666665,11,307.37,32,3.501697788271819e-06,1.2503505786298774e-07,0.4417121064204821,0.44171223145553995
48000,2048,0.042666666666666665,11,307.37,64,2.762985915711947e-06,2.1822316398356634e-07,0.4417121064204821,0.4417123246436745
48000,2048,0.042666666666666665,11,337.37,16,1.3536127532505266e-06,-1.9667577987547702e-05,-0.17865501156984465,-0.1786746791478322
48000,2048,0.042666666666666665,11,337.37,32,2.510523006517726e-06,-7.530507673436659e-06,-0.17865501156984465,-0.17866254207751808
48000,2048,0.042666666666666665,11,337.37,64,1.98393926614771e-06,-4.682826755697533e-06,-0.17865501156984465,-0.17865969439662877
48000,2048,0.042666666666666665,29,7.37,16,1.8624683315919735e-06,-1.0917631897200408e-05,-0.4433360795441956,-0.4433469971760928
48000,2048,0.042666666666666665,29,7.37,32,3.414448838027952e-06,-4.761283236121017e-06,-0.4433360795441956,-0.44334084082743175
48000,2048,0.042666666666666665,29,7.37,64,2.5768907631097284e-06,-2.480252788927828e-06,-0.4433360795441956,-0.44333855979698455
48000,2048,0.042666666666666665,29,37.37,16,1.619017621725337e-06,-2.8745463794166426e-05,0.18095624970854374,0.180927504244778
48000,2048,0.042666666666666665,29,37.37,32,2.9752118505597942e-06,-1.2874078777258546e-05,0.18095624970854374,0.18094337562973806
48000,2048,0.042666666666666665,29,37.37,64,2.2456034071246217e-06,-6.607017922988234e-06,0.18095624970854374,0.18094964269062075
48000,2048,0.042666666666666665,29,67.37,16,1.9272165300397402e-06,-6.696097898384323e-09,0.44056063341517415,0.4405606267191047
48000,2048,0.042666666666666665,29,67.37,32,3.523249057566085e-06,-1.4017899729878991e-08,0.44056063341517415,0.4405606193972744
48000,2048,0.042666666666666665,29,67.37,64,2.658986326065429e-06,1.7290176401729695e-08,0.44056063341517415,0.44056065070532213
48000,2048,0.042666666666666665,29,97.37,16,1.3767601148183628e-06,-2.51998030194045e-05,-0.1781924209892054,-0.1782176207922248
48000,2048,0.042666666666666665,29,97.37,32,2.5297264047150476e-06,-1.1286930373444193e-05,-0.1781924209892054,-0.17820370791957885
48000,2048,0.042666666666666665,29,97.37,64,1.909058103718343e-06,-5.792431124973518e-06,-0.1781924209892054,-0.17819821342033038
48000,2048,0.042666666666666665,29,127.37,16,1.862468331591973e-06,-1.0917631897200408e-05,-0.4433360795441672,-0.4433469971760644
48000,2048,0.042666666666666665,29,127.37,32,3.4144488380279527e-06,-4.761283236121017e-06,-0.4433360795441672,-0.4433408408274033
48000,2048,0.042666666666666665,29,127.37,64,2.5768907631097288e-06,-2.4802528173495375e-06,-0.4433360795441672,-0.44333855979698455
48000,2048,0.042666666666666665,29,157.37,16,1.619017621725337e-06,-2.8745463765744717e-05,0.18095624970857216,0.18092750424480641
48000,2048,0.042666666666666665,29,157.37,32,2.9752118505597947e-06,-1.2874078777258546e-05,0.18095624970857216,0.1809433756297949
48000,2048,0.042666666666666665,29,157.37,64,2.2456034071246217e-06,-6.607017922988234e-06,0.18095624970857216,0.18094964269064917
48000,2048,0.042666666666666665,29,187.37,16,1.9272165300397402e-06,-6.695984211546602e-09,0.44056063341514573,0.4405606267191615
48000,2048,0.042666666666666665,29,187.37,32,3.523249057566085e-06,-1.40178144647507e-08,0.44056063341514573,0.44056061939733127
48000,2048,0.042666666666666665,29,187.37,64,2.658986326065429e-06,1.7290233245148556e-08,0.44056063341514573,0.440560650705379
48000,2048,0.042666666666666665,29,217.37,16,1.3767601126161365e-06,-2.5199802763609114e-05,-0.17819242098926225,-0.17821762079199743
48000,2048,0.042666666666666665,29,217.37,32,2.529726405307824e-06,-1.1286930117648808e-05,-0.17819242098926225,-0.17820370791935147
48000,2048,0.042666666666666665,29,217.37,64,1.909058105042187e-06,-5.792430840756424e-06,-0.17819242098926225,-0.17819821342004616
48000,2048,0.042666666666666665,29,247.37,16,1.8624683328630623e-06,-1.0917631698248442e-05,-0.4433360795441672,-0.44334699717586545
48000,2048,0.042666666666666665,29,247.37,32,3.4144488384024556e-06,-4.761282980325632e-06,-0.4433360795441672,-0.44334084082714753
48000,2048,0.042666666666666665,29,247.37,64,2.5768907625507285e-06,-2.4802525047107338e-06,-0.4433360795441672,-0.44333855979670034
48000,2048,0.042666666666666665,29,277.37,16,1.6190176203679761e-06,-2.8745463680479588e-05,0.18095624970851532,0.18092750424489168
48000,2048,0.042666666666666665,29,277.37,32,2.9752118501809414e-06,-1.287407860672829e-05,0.18095624970851532,0.1809433756299086
48000,2048,0.042666666666666665,29,277.37,64,2.2456034077688805e-06,-6.607017780879687e-06,0.18095624970851532,0.18094964269073444
48000,2048,0.042666666666666665,29,307.37,16,1.9272165300397402e-06,-6.6960410549654625e-09,0.4405606334152026,0.4405606267191615
48000,2048,0.042666666666666665,29,307.37,32,3.5232490575660835e-06,-1.401784288646013e-08,0.4405606334152026,0.44056061939733127
48000,2048,0.042666666666666665,29,307.37,64,2.6589863260654287e-06,1.7290204823439126e-08,0.4405606334152026,0.440560650705379
48000,2048,0.042666666666666665,29,337.37,16,1.3767601149908257e-06,-2.5199803047826208e-05,-0.1781924209892054,-0.1782176207922248
48000,2048,0.042666666666666665,29,337.37,32,2.5297264047689998e-06,-1.1286930345022483e-05,-0.1781924209892054,-0.178203707919522
48000,2048,0.042666666666666665,29,337.37,64,1.9090581036479826e-06,-5.792431124973518e-06,-0.1781924209892054,-0.17819821342033038
96000,4096,0.042666666666666665,11,7.37,16,1.3409046952799039e-06,-4.518987938695318e-05,-0.44448811779250263,-0.4445333076718896
96000,4096,0.042666666666666665,11,7.37,32,2.7578025230363123e-06,-1.4751207800145494e-05,-0.44448811779250263,-0.4445028690003028
96000,4096,0.042666666666666665,11,7.37,64,2.3042173850966526e-06,4.499488539977392e-06,-0.44448811779250263,-0.44448361830396266
96000,4096,0.042666666666666665,11,37.37,16,1.8354159394328242e-06,-5.1513619212073536e-05,0.18141417692672235,0.1813626633075387
96000,4096,0.042666666666666665,11,37.37,32,3.7663341914612635e-06,-1.6763801852448523e-05,0.18141417692672235,0.1813974131248699
96000,4096,0.042666666666666665,11,37.37,64,3.1467360371480165e-06,5.114221153235121e-06,0.18141417692672235,0.18141929114787558
96000,4096,0.042666666666666665,11,67.37,16,5.811228181270826e-07,-1.4894068669946137e-05,0.44170620463756904,0.4416913105688991
96000,4096,0.042666666666666665,11,67.37,32,1.1966540118281378e-06,-4.873174816566461e-06,0.44170620463756904,0.4417013314627525
96000,4096,0.042666666666666665,11,67.37,64,9.987393746912403e-07,1.4766274603061902e-06,0.44170620463756904,0.44170768126502935
96000,4096,0.042666666666666665,11,97.37,16,1.5927624544654895e-06,-3.63075122322698e-06,-0.1786362350638342,-0.17863986581505742
96000,4096,0.042666666666666665,11,97.37,32,3.27903489559644e-06,-1.1824721468656207e-06,-0.1786362350638342,-0.17863741753598106
96000,4096,0.042666666666666665,11,97.37,64,2.733619455707108e-06,3.7409250808195793e-07,-0.1786362350638342,-0.1786358609713261
96000,4096,0.042666666666666665,11,127.37,16,1.3409046952799039e-06,-4.518987930168805e-05,-0.44448811779250263,-0.4445333076718043
96000,4096,0.042666666666666665,11,127.37,32,2.757802523036312e-06,-1.4751207828567203e-05,-0.44448811779250263,-0.4445028690003312
96000,4096,0.042666666666666665,11,127.37,64,2.3042173850966526e-06,4.499488511555683e-06,-0.44448811779250263,-0.4444836183039911
96000,4096,0.042666666666666665,11,157.37,16,1.8354159394328242e-06,-5.151361898469986e-05,0.18141417692663708,0.18136266330765238
96000,4096,0.042666666666666665,11,157.37,32,3.7663341914612635e-06,-1.6763801738761686e-05,0.18141417692663708,0.18139741312489832
96000,4096,0.042666666666666665,11,157.37,64,3.1467360371480165e-06,5.114221266921959e-06,0.18141417692663708,0.181419291147904
96000,4096,0.042666666666666665,11,187.37,16,5.811228181270826e-07,-1.489406852783759e-05,0.4417062046375122,0.44169131056895594
96000,4096,0.042666666666666665,11,187.37,32,1.1966540118281376e-06,-4.873174788144752e-06,0.4417062046375122,0.44170133146269563
96000,4096,0.042666666666666665,11,187.37,64,9.987393746912403e-07,1.4766276024147373e-06,0.4417062046375122,0.4417076812650862
96000,4096,0.042666666666666665,11,217.37,16,1.5927624557230846e-06,-3.6307510526967235e-06,-0.17863623506389104,-0.17863986581494373
96000,4096,0.042666666666666665,11,217.37,32,3.2790348954161993e-06,-1.1824718910702359e-06,-0.17863623506389104,-0.17863741753581053
96000,4096,0.042666666666666665,11,217.37,64,2.7336194551465387e-06,3.7409290598588996e-07,-0.17863623506389104,-0.17863586097098505
96000,4096,0.042666666666666665,11,247.37,16,1.3409046912001485e-06,-4.518987901747096e-05,-0.4444881177926163,-0.44453330767157695
96000,4096,0.042666666666666665,11,247.37,32,2.757802522386498e-06,-1.47512075159284e-05,-0.4444881177926163,-0.44450286900013225
96000,4096,0.042666666666666665,11,247.37,64,2.3042173862372667e-06,4.499488852616196e-06,-0.4444881177926163,-0.44448361830370686
96000,4096,0.042666666666666665,11,277.37,16,1.8354159372893453e-06,-5.151361892785644e-05,0.18141417692663708,0.18136266330770923
96000,4096,0.042666666666666665,11,277.37,32,3.766334191123944e-06,-1.6763801738761686e-05,0.18141417692663708,0.18139741312495516
96000,4096,0.042666666666666665,11,277.37,64,3.146736037733265e-06,5.114221380608797e-06,0.18141417692663708,0.1814192911480177
96000,4096,0.042666666666666665,11,307.37,16,5.811228181270826e-07,-1.4894068669946137e-05,0.44170620463768273,0.4416913105690128
96000,4096,0.042666666666666665,11,307.37,32,1.1966540118281378e-06,-4.873174930253299e-06,0.44170620463768273,0.44170133146269563
96000,4096,0.042666666666666665,11,307.37,64,9.987393746912403e-07,1.4766274034627713e-06,0.44170620463768273,0.44170768126502935
96000,4096,0.042666666666666665,11,337.37,16,1.592762454069396e-06,-3.6307513084921084e-06,-0.17863623506377735,-0.17863986581511426
96000,4096,0.042666666666666665,11,337.37,32,3.2790348955307694e-06,-1.1824721752873302e-06,-0.17863623506377735,-0.17863741753592421
96000,4096,0.042666666666666665,11,337.37,64,2.733619455816816e-06,3.740925933470862e-07,-0.17863623506377735,-0.17863586097121242
96000,4096,0.042666666666666665,29,7.37,16,1.325040588923126e-06,-4.104716558117616e-05,-0.44332313646151533,-0.4433641836270965
96000,4096,0.042666666666666665,29,7.37,32,2.705546841659718e-06,-1.7969394832562102e-05,-0.44332313646151533,-0.4433411058563479
96000,4096,0.042666666666666665,29,7.37,64,2.429636013720267e-06,6.372664159925989e-06,-0.44332313646151533,-0.4433167637973554
96000,4096,0.042666666666666665,29,37.37,16,1.8134416095473359e-06,-4.680036528270648e-05,0.18093580637361129,0.180889006008357
96000,4096,0.042666666666666665,29,37.37,32,3.696066734811955e-06,-2.0459560062136006e-05,0.18093580637361129,0.18091534681354915
96000,4096,0.042666666666666665,29,37.37,64,3.3172094687227806e-06,7.230265879343278e-06,0.18093580637361129,0.18094303663949063
96000,4096,0.042666666666666665,29,67.37,16,5.741154600499352e-07,-1.352647518615413e-05,0.4405590350231705,0.44054550854798435
96000,4096,0.042666666666666665,29,67.37,32,1.1733346659991212e-06,-5.922098125665798e-06,0.4405590350231705,0.44055311292504484
96000,4096,0.042666666666666665,29,67.37,64,1.0543535020121027e-06,2.1035847339589964e-06,0.4405590350231705,0.44056113860790447
96000,4096,0.042666666666666665,29,97.37,16,1.5761927111794492e-06,-3.297545561053994e-06,-0.17817476890161288,-0.17817806644717393
96000,4096,0.042666666666666665,29,97.37,32,3.2158822132773196e-06,-1.4444921134781907e-06,-0.17817476890161288,-0.17817621339372636
96000,4096,0.042666666666666665,29,97.37,64,2.886162852129023e-06,5.244115186542331e-07,-0.17817476890161288,-0.17817424449009422
96000,4096,0.042666666666666665,29,127.37,16,1.3250405889231258e-06,-4.104716558117616e-05,-0.4433231364615722,-0.4433641836271818
96000,4096,0.042666666666666665,29,127.37,32,2.7055468416597173e-06,-1.7969394718875265e-05,-0.4433231364615722,-0.44334110585629105
96000,4096,0.042666666666666665,29,127.37,64,2.429636013720267e-06,6.372664302034536e-06,-0.4433231364615722,-0.44331676379727014
96000,4096,0.042666666666666665,29,157.37,16,1.8134416095473359e-06,-4.680036514059793e-05,0.1809358063734976,0.180889006008357
96000,4096,0.042666666666666665,29,157.37,32,3.6960667348119555e-06,-2.045955992002746e-05,0.1809358063734976,0.18091534681357757
96000,4096,0.042666666666666665,29,157.37,64,3.3172094687227806e-06,7.230266163560373e-06,0.1809358063734976,0.18094303663966116
96000,4096,0.042666666666666665,29,187.37,16,5.741154600499352e-07,-1.3526475100889002e-05,0.4405590350231705,0.44054550854809804
96000,4096,0.042666666666666665,29,187.37,32,1.1733346659991212e-06,-5.922098210930926e-06,0.4405590350231705,0.440553112924988
96000,4096,0.042666666666666665,29,187.37,64,1.0543535020121027e-06,2.103584705537287e-06,0.4405590350231705,0.44056113860790447
96000,4096,0.042666666666666665,29,217.37,16,1.5761927100901938e-06,-3.2975452768368996e-06,-0.17817476890161288,-0.17817806644688972
96000,4096,0.042666666666666665,29,217.37,32,3.2158822118853387e-06,-1.444491800839387e-06,-0.17817476890161288,-0.17817621339344214
96000,4096,0.042666666666666665,29,217.37,64,2.886162851380898e-06,5.24411774449618e-07,-0.17817476890161288,-0.17817424448986685
96000,4096,0.042666666666666665,29,247.37,16,1.3250405845562432e-06,-4.104716506958539e-05,-0.4433231364615722,-0.4433641836266702
96000,4096,0.042666666666666665,29,247.37,32,2.705546840360171e-06,-1.796939449150159e-05,-0.4433231364615722,-0.4433411058561205
96000,4096,0.042666666666666665,29,247.37,64,2.42963601431907e-06,6.372664529408212e-06,-0.4433231364615722,-0.44331676379704277
96000,4096,0.042666666666666665,29,277.37,16,1.8134416072566354e-06,-4.6800365083754514e-05,0.18093580637366813,0.1808890060086128
96000,4096,0.042666666666666665,29,277.37,32,3.6960667341443085e-06,-2.045955994844917e-05,0.18093580637366813,0.18091534681371968
96000,4096,0.042666666666666665,29,277.37,64,3.3172094690329277e-06,7.230265907764988e-06,0.18093580637366813,0.1809430366395759
96000,4096,0.042666666666666665,29,307.37,16,5.741154600499353e-07,-1.352647518615413e-05,0.44055903502322735,0.4405455085480412
96000,4096,0.042666666666666665,29,307.37,32,1.1733346659991212e-06,-5.922098182509217e-06,0.44055903502322735,0.44055311292504484
96000,4096,0.042666666666666665,29,307.37,64,1.0543535020121027e-06,2.103584705537287e-06,0.44055903502322735,0.44056113860790447
96000,4096,0.042666666666666665,29,337.37,16,1.5761927107553891e-06,-3.2975454189454467e-06,-0.17817476890166972,-0.17817806644706025
96000,4096,0.042666666666666665,29,337.37,32,3.2158822131486544e-06,-1.4444920282130624e-06,-0.17817476890166972,-0.17817621339372636
96000,4096,0.042666666666666665,29,337.37,64,2.8861628521886003e-06,5.244116323410708e-07,-0.17817476890166972,-0.17817424449003738
192000,8192,0.042666666666666665,11,7.37,16,2.003575599474621e-06,1.0053597350179189e-06,-0.44448234065814063,-0.44448133529843403
192000,8192,0.042666666666666665,11,7.37,32,3.7461381808318855e-06,-1.0947622115509148e-06,-0.44448234065814063,-0.4444834354203522
192000,8192,0.042666666666666665,11,7.37,64,3.402065026930426e-06,2.763573263564467e-07,-0.44448234065814063,-0.4444820643008427
192000,8192,0.042666666666666665,11,37.37,16,1.4399855393284694e-06,2.86351295244458e-05,0.1814132601390952,0.18144189526861965
192000,8192,0.042666666666666665,11,37.37,32,2.695123358520926e-06,-3.170711289612882e-05,0.1814132601390952,0.18138155302619907
192000,8192,0.042666666666666665,11,37.37,64,2.450001697651719e-06,8.125538897729712e-06,0.1814132601390952,0.18142138567799293
192000,8192,0.042666666666666665,11,67.37,16,1.059908650369036e-06,-3.287862554657295e-05,0.4417024342485547,0.44166955562303656
192000,8192,0.042666666666666665,11,67.37,32,1.985591190637709e-06,3.6408084042705013e-05,0.4417024342485547,0.44173884233262584
192000,8192,0.042666666666666665,11,67.37,64,1.8050610663820645e-06,-9.356515249692166e-06,0.4417024342485547,0.44169307773333344
192000,8192,0.042666666666666665,11,97.37,16,7.876779379765772e-07,1.2118581366848957e-05,-0.1786331361817588,-0.17862101760039195
192000,8192,0.042666666666666665,11,97.37,32,1.4768801755056882e-06,-1.3423265528444972e-05,-0.1786331361817588,-0.17864655944725882
192000,8192,0.042666666666666665,11,97.37,64,1.3433745528876875e-06,3.4505949315644102e-06,-0.1786331361817588,-0.17862968558682724
192000,8192,0.042666666666666665,11,127.37,16,2.003575599474621e-06,1.0053599055481754e-06,-0.44448234065828274,-0.4444813352984056
192000,8192,0.042666666666666665,11,127.37,32,3.7461381808318855e-06,-1.0947617852252733e-06,-0.44448234065828274,-0.44448343542006796
192000,8192,0.042666666666666665,11,127.37,64,3.402065026930426e-06,2.76357411621575e-07,-0.44448234065828274,-0.4444820643008711
192000,8192,0.042666666666666665,11,157.37,16,1.4399855393284696e-06,2.8635129467602383e-05,0.18141326013903836,0.18144189526850596
192000,8192,0.042666666666666665,11,157.37,32,2.6951233585209274e-06,-3.170711298139395e-05,0.18141326013903836,0.18138155302605696
192000,8192,0.042666666666666665,11,157.37,64,2.4500016976517194e-06,8.125539352477062e-06,0.18141326013903836,0.18142138567839083
192000,8192,0.042666666666666665,11,187.37,16,1.059908650369036e-06,-3.2878625631838077e-05,0.4417024342485547,0.44166955562286603
192000,8192,0.042666666666666665,11,187.37,32,1.985591190637709e-06,3.640808378690963e-05,0.4417024342485547,0.4417388423323132
192000,8192,0.042666666666666665,11,187.37,64,1.805061066382065e-06,-9.356515590752679e-06,0.4417024342485547,0.4416930777329071
192000,8192,0.042666666666666665,11,217.37,16,7.876779363491285e-07,1.2118581878439727e-05,-0.17863313618204302,-0.17862101760016458
192000,8192,0.042666666666666665,11,217.37,32,1.4768801768296858e-06,-1.342326510211933e-05,-0.17863313618204302,-0.17864655944714514
192000,8192,0.042666666666666665,11,217.37,64,1.3433745534590078e-06,3.450595499998599e-06,-0.17863313618204302,-0.17862968558654302
192000,8192,0.042666666666666665,11,247.37,16,2.0035756046639516e-06,1.0053602181869792e-06,-0.4444823406583964,-0.4444813352982351
192000,8192,0.042666666666666665,11,247.37,32,3.7461381782956003e-06,-1.094761557851598e-06,-0.4444823406583964,-0.4444834354199543
192000,8192,0.042666666666666665,11,247.37,64,3.402065027757253e-06,2.763579800557636e-07,-0.4444823406583964,-0.44448206430041637
192000,8192,0.042666666666666665,11,277.37,16,1.439985539760889e-06,2.863512966655435e-05,0.18141326013915204,0.18144189526879018
192000,8192,0.042666666666666665,11,277.37,32,2.6951233583118094e-06,-3.170711272559856e-05,0.18141326013915204,0.18138155302642645
192000,8192,0.042666666666666665,11,277.37,64,2.450001697722485e-06,8.125539295633644e-06,0.18141326013915204,0.18142138567839083
192000,8192,0.042666666666666665,11,307.37,16,1.059908650369036e-06,-3.287862551815124e-05,0.4417024342485547,0.4416695556230934
192000,8192,0.042666666666666665,11,307.37,32,1.985591190637709e-06,3.6408083985861595e-05,0.4417024342485547,0.4417388423325974
192000,8192,0.042666666666666665,11,307.37,64,1.805061066382065e-06,-9.35651556233097e-06,0.4417024342485547,0.4416930777330208
192000,8192,0.042666666666666665,11,337.37,16,7.876779358494811e-07,1.2118581452114086e-05,-0.17863313618181564,-0.1786210176003351
192000,8192,0.042666666666666665,11,337.37,32,1.4768801765374488e-06,-1.3423265500023263e-05,-0.17863313618181564,-0.17864655944725882
192000,8192,0.042666666666666665,11,337.37,64,1.3433745525399085e-06,3.4505949599861196e-06,-0.17863313618181564,-0.17862968558682724
192000,8192,0.042666666666666665,29,7.37,16,2.03852577177038e-06,9.934480544870894e-07,-0.4433196788098712,-0.44331868536181673
192000,8192,0.042666666666666665,29,7.37,32,3.577725529482317e-06,-9.022098197419837e-07,-0.4433196788098712,-0.44332058101969096
192000,8192,0.042666666666666665,29,7.37,64,3.349899403651218e-06,3.4416524385960656e-07,-0.4433196788098712,-0.44331933464462736
192000,8192,0.042666666666666665,29,37.37,16,1.466398460832475e-06,2.8303531053097686e-05,0.18093696296244843,0.18096526649350153
192000,8192,0.042666666666666665,29,37.37,32,2.5728723707979126e-06,-2.6088508889188233e-05,0.18093696296244843,0.18091087445353082
192000,8192,0.042666666666666665,29,37.37,64,2.4119991161764278e-06,1.0103168591513167e-05,0.18093696296244843,0.18094706613103995
192000,8192,0.042666666666666665,29,67.37,16,1.0785136531454595e-06,-3.249992437304172e-05,0.44055761030898566,0.4405251103846126
192000,8192,0.042666666666666665,29,67.37,32,1.8957376263578384e-06,2.9945670405595592e-05,0.44055761030898566,0.44058755597939125
192000,8192,0.042666666666666665,29,67.37,64,1.7762394906631005e-06,-1.1593753981742339e-05,0.44055761030898566,0.4405460165550039
192000,8192,0.042666666666666665,29,97.37,16,8.027708329711426e-07,1.197930185981022e-05,-0.17817261417491181,-0.178160634873052
192000,8192,0.042666666666666665,29,97.37,32,1.4112553924214132e-06,-1.1040289734864928e-05,-0.17817261417491181,-0.17818365446464668
192000,8192,0.042666666666666665,29,97.37,64,1.322670523268937e-06,4.2757037022056466e-06,-0.17817261417491181,-0.1781683384712096
192000,8192,0.042666666666666665,29,127.37,16,2.0385257717703803e-06,9.934483102824743e-07,-0.4433196788099849,-0.4433186853616746
192000,8192,0.042666666666666665,29,127.37,32,3.577725529482316e-06,-9.022095355248894e-07,-0.4433196788099849,-0.44332058101952043
192000,8192,0.042666666666666665,29,127.37,64,3.349899403651218e-06,3.4416541438986314e-07,-0.4433196788099849,-0.4433193346445705
192000,8192,0.042666666666666665,29,157.37,16,1.4663984608324748e-06,2.8303531564688456e-05,0.18093696296210737,0.18096526649367206
192000,8192,0.042666666666666665,29,157.37,32,2.5728723707979126e-06,-2.608850854812772e-05,0.18093696296210737,0.18091087445355925
192000,8192,0.042666666666666665,29,157.37,64,2.4119991161764278e-06,1.0103169159947356e-05,0.18093696296210737,0.18094706613126732
192000,8192,0.042666666666666665,29,187.37,16,1.0785136531454595e-06,-3.2499924287776594e-05,0.44055761030881513,0.4405251103845558
192000,8192,0.042666666666666665,29,187.37,32,1.8957376263578384e-06,2.9945670434017302e-05,0.44055761030881513,0.44058755597927757
192000,8192,0.042666666666666665,29,187.37,64,1.7762394906631007e-06,-1.1593753697525244e-05,0.44055761030881513,0.4405460165551176
192000,8192,0.042666666666666665,29,217.37,16,8.027708348328811e-07,1.1979302058762187e-05,-0.17817261417479813,-0.17816063487271094
192000,8192,0.042666666666666665,29,217.37,32,1.4112553915700053e-06,-1.1040289450647833e-05,-0.17817261417479813,-0.17818365446424878
192000,8192,0.042666666666666665,29,217.37,64,1.3226705250642275e-06,4.2757039011576126e-06,-0.17817261417479813,-0.17816833847086855
192000,8192,0.042666666666666665,29,247.37,16,2.038525777011672e-06,9.934486797646969e-07,-0.4433196788099849,-0.44331868536130514
192000,8192,0.042666666666666665,29,247.37,32,3.577725526691192e-06,-9.022090807775385e-07,-0.4433196788099849,-0.4433205810190657
192000,8192,0.042666666666666665,29,247.37,64,3.3498994051130532e-06,3.4416552807670087e-07,-0.4433196788099849,-0.44331933464445683
192000,8192,0.042666666666666665,29,277.37,16,1.4663984612682942e-06,2.8303531166784524e-05,0.18093696296250528,0.18096526649367206
192000,8192,0.042666666666666665,29,277.37,32,2.5728723705662906e-06,-2.6088508946031652e-05,0.18093696296250528,0.18091087445355925
192000,8192,0.042666666666666665,29,277.37,64,2.4119991162996562e-06,1.0103168733621715e-05,0.18093696296250528,0.1809470661312389
192000,8192,0.042666666666666665,29,307.37,16,1.0785136531454595e-06,-3.249992442988514e-05,0.4405576103090425,0.4405251103846126
192000,8192,0.042666666666666665,29,307.37,32,1.8957376263578384e-06,2.9945670235065336e-05,0.4405576103090425,0.44058755597927757
192000,8192,0.042666666666666665,29,307.37,64,1.7762394906631005e-06,-1.1593753981742339e-05,0.4405576103090425,0.44054601655506076
192000,8192,0.042666666666666665,29,337.37,16,8.027708308300615e-07,1.1979301774545092e-05,-0.17817261417479813,-0.178160634873052
192000,8192,0.042666666666666665,29,337.37,32,1.4112553935636354e-06,-1.1040289820130056e-05,-0.17817261417479813,-0.17818365446464668
192000,8192,0.042666666666666665,29,337.37,64,1.3226705226641753e-06,4.275703645362228e-06,-0.17817261417479813,-0.17816833847115277
