group,frames_averaged,duration_s,cov_prediction_rmse_deg,iid_prediction_rmse_deg,scenes,records,frames,rmse_deg,rmse_ci_low,rmse_ci_high,median_abs_deg,p90_abs_deg,mean_signed_deg,circular_bias_deg,circular_resultant,bias_ci_low,bias_ci_high,failure_rate,failure_ci_low,failure_ci_high
all,1,0.042666666666666665,27.374765920103897,27.374765920103897,72,360,46080,28.13405620992641,27.671211124964234,28.61862873810015,2.1251637726210504,22.20616229219508,0.5954409015207871,0.5380140899588088,0.9181020191237075,0.4185865175473079,0.6650117566411079,0.3208550347222222,0.3182508680555556,0.32350314670138886
all,2,0.08533333333333333,19.938359541578336,19.976864930199458,72,360,23040,22.954440193926384,22.337206823903706,23.561127584313997,1.7792852348420212,29.155078601376506,0.9548159015207868,0.6962834533755942,0.9379817264199168,0.5178529838072368,0.8871074961776403,0.30052083333333335,0.29717881944444446,0.303994140625
all,4,0.17066666666666666,14.963657295474864,14.964083469057128,72,360,11520,16.46869479382858,15.658705043970588,17.328122432492247,1.5230355210182658,18.584029941877322,0.8839055617342291,0.7389558348118921,0.967135290005305,0.5308618061468958,0.936882108625571,0.2911458333333333,0.2861111111111111,0.29609375
all,8,0.3413333333333333,11.598839817243958,11.676819981640834,72,360,5760,12.074690864563916,11.215352528634527,13.016183144597331,1.396314244487382,13.801242771874247,0.9163561582177498,0.7741646962094799,0.980735189336465,0.5839193270219754,0.9568357698963873,0.26979166666666665,0.26284722222222223,0.27708333333333335
all,16,0.6826666666666666,9.469679423224138,9.620825863251843,72,360,2880,9.247671055696502,8.47191043637878,10.153071575507301,1.3474905377461806,11.6638322339841,0.9324481404158216,0.8380224539669755,0.9879946712077646,0.6419355191109049,1.041402475182931,0.24722222222222223,0.236796875,0.25729166666666664
all,32,1.3653333333333333,8.223969704321734,8.40632934131777,72,360,1440,7.912142564799,7.436277674801793,8.36291294913191,1.2551728113983591,10.784394686645179,0.9167376735954361,0.8672950488998605,0.990888983135704,0.679573340530202,1.0634545389630083,0.23680555555555555,0.225,0.24861111111111112
all,64,2.7306666666666666,7.595334901897831,7.727833742164895,72,360,720,7.383565013940499,6.8911702292695605,7.8417417256458535,1.280882997239575,9.987585756445746,0.920941477143429,0.8819062859501849,0.9920278902948853,0.6957984278515661,1.0769678136161112,0.22777777777777777,0.21388888888888888,0.24305555555555555
all,128,5.461333333333333,7.287132177934231,7.365183977502762,72,360,360,7.125093776631363,6.596983615653754,7.610208512400425,1.1948430487298678,9.63961498507525,0.9343112245144147,0.8974276552681674,0.9925642461743734,0.7185441684425926,1.0906763836684057,0.225,0.20833333333333334,0.24444444444444444
low,1,0.042666666666666665,1.5877320775239994,1.5877320775239994,36,180,23040,1.5983702714232446,1.5847123168464612,1.6116005358185745,0.9638056486689803,2.6026876412694184,-0.09566642497958679,-0.09566463549938203,0.9996123778137174,-0.11064906948170884,-0.08039350987903318,0.0066840277777777775,0.005815972222222222,0.007552083333333333
low,2,0.08533333333333333,1.26553514526746,1.2650072571256954,36,180,11520,1.2759874100554434,1.261081135331701,1.2899757061912667,0.7575411747055227,2.101013679633163,-0.09566642497958679,-0.09565832319702232,0.9997534536465301,-0.11073819145234744,-0.080972685122997,0.00078125,0.00034722222222222224,0.0012152777777777778
low,4,0.17066666666666666,1.0659931720435671,1.0676696426665293,36,180,5760,1.076993800247106,1.0611876837137337,1.0927311899738783,0.6297863332280003,1.7712527944533336,-0.09566802756012392,-0.09565832254128731,0.9998247490738086,-0.11105240518680214,-0.08060027966249686,0.0,0.0,0.0
low,8,0.3413333333333333,0.9501779952961681,0.9538113117997576,36,180,2880,0.9601973686066853,0.943941736187458,0.9770928424309057,0.5583578860487615,1.5826743311317908,-0.09567081787512823,-0.09566001495991432,0.9998609809729851,-0.11084347674287502,-0.08107089266355665,0.0,0.0,0.0
low,16,0.6826666666666666,0.8857625046218139,0.8914453403545975,36,180,1440,0.896877635582368,0.8782598387067373,0.9136696088887551,0.5282176847567974,1.5150201338185292,-0.09567008254259544,-0.09565859011922181,0.9998788871604191,-0.1106631569011638,-0.08071200722950261,0.0,0.0,0.0
low,32,1.3653333333333333,0.8531649234192514,0.8585651885566403,36,180,720,0.8637698210487693,0.8455915736575373,0.8828584797093804,0.5324096034668877,1.4295114432259863,-0.09567125707096366,-0.09565934794836592,0.9998877639229847,-0.11044753937239746,-0.08146162781241499,0.0,0.0,0.0
low,64,2.7306666666666666,0.8380485789950853,0.8416435570251737,36,180,360,0.849043867636227,0.829830773922203,0.8674329015881478,0.5291934649018668,1.4228059964409694,-0.09567128709916649,-0.09565928159032032,0.9998916050053774,-0.10973210488021329,-0.08109902325482958,0.0,0.0,0.0
low,128,5.461333333333333,0.8310266881596775,0.8330538542749385,36,180,180,0.8421612787111885,0.823546503403138,0.8609557527923689,0.5224527478743757,1.4215142897256783,-0.09567177303348487,-0.09565974961698079,0.9998933776577072,-0.11073977783127181,-0.08112066965364255,0.0,0.0,0.0
high,1,0.042666666666666665,38.68119343054147,38.68119343054147,36,180,23040,39.755445540479464,39.117374661808306,40.41469166049792,7.473963154275268,66.56681775818757,1.2865482280211609,1.2950585008105533,0.8367258327057001,1.0208037198161368,1.574590441125034,0.6350260416666667,0.6298600260416667,0.6399305555555556
high,2,0.08533333333333333,28.168684442383682,28.223217773993905,36,180,11520,32.43739362776341,31.60933750923667,33.263805207211206,6.89567101774206,52.731123493010166,2.0052982280211604,1.599684958347387,0.8764144377242389,1.2076490269721294,1.9950163056370398,0.6002604166666666,0.5935763888888889,0.60703125
high,4,0.17066666666666666,21.134941160788518,21.135460006158986,36,180,5760,23.265336893730606,22.047047004429878,24.52604343515171,6.249211198968796,28.76537736435506,1.863479151028582,1.63175893848409,0.9346653764256725,1.2223375784899246,2.0538868803222687,0.5822916666666667,0.5722222222222222,0.5923611111111111
high,8,0.3413333333333333,16.375693328510483,16.485948372743866,36,180,2880,17.0491741724603,15.795271917620218,18.395300016305008,5.585245902634318,22.12413669455272,1.9283831343106281,1.678371752274658,0.9618443877618763,1.27255668868106,2.065111999319007,0.5395833333333333,0.5256944444444445,0.5531336805555555
high,16,0.6826666666666666,13.36282460944075,13.576667698194255,36,180,1440,13.047392475721956,11.95093082543082,14.346983969281242,4.905847910593179,18.609416822491074,1.9605663633742387,1.7941776124039623,0.9763791662703936,1.4082574502978384,2.2049689395667667,0.49444444444444446,0.47430555555555554,0.5145833333333333
high,32,1.3653333333333333,11.599114837290408,11.857302045844948,36,180,720,11.156070169537909,10.43326117281129,11.814651070338737,4.680021710067889,16.112035069330567,1.9291466042618364,1.8476170841152428,0.9821751770202943,1.465559898166507,2.251891273066088,0.4736111111111111,0.45,0.4986111111111111
high,64,2.7306666666666666,10.708683351524545,10.896350986270706,36,180,360,10.407362256643209,9.713924481231993,11.041314291706271,4.231582130691107,14.681953109037343,1.9375542413860243,1.87479940879635,0.9844575218235481,1.5139316161835,2.272931097678468,0.45555555555555555,0.42777777777777776,0.4861111111111111
high,128,5.461333333333333,10.272000068191947,10.382576333492786,36,180,180,10.041149686774991,9.298006701340901,10.699507252045503,4.3675209634719625,14.017628204236582,1.9642942220623143,1.9049822065422721,0.9855376837857265,1.5232898301002753,2.313324709945263,0.45,0.4166666666666667,0.48347222222222147
eligible,1,0.042666666666666665,7.619196881473365,7.619196881473365,48,240,30720,7.717487365915414,7.210537689375681,8.251124780842945,1.2706233193060257,6.099112207820926,0.23351367364210712,0.17214848830422813,0.99298676179914,0.12284159366586937,0.22532017903858462,0.12639973958333334,0.12389322916666666,0.12880859375
eligible,2,0.08533333333333333,5.547518788579955,5.5561533915593335,48,240,15360,5.637404513687463,5.245515642036068,6.0120958765085035,0.9992494593315939,5.019618048037508,0.2452324236421072,0.2166906017255467,0.9955231066946599,0.14533628980493946,0.2879369105389737,0.10013020833333333,0.09733072916666667,0.10299641927083332
eligible,4,0.17066666666666666,4.1472929275151,4.156943613579298,48,240,7680,3.480519614874969,3.2939319480877582,3.669045128916209,0.8485636906695984,4.7030848273349655,0.1943579694925562,0.19131884056328363,0.9981785054266423,0.12913323921718234,0.2534386196168973,0.09231770833333333,0.08841145833333333,0.09635416666666667
eligible,8,0.3413333333333333,3.2027070909104767,3.2380318180105045,48,240,3840,2.7331987296964173,2.6206317112992474,2.8550128470558707,0.7466645541829655,4.291621000603126,0.1863824900753346,0.18539896124359911,0.9988700112698156,0.12918754702190852,0.24166606322788364,0.07942708333333333,0.0734375,0.08541666666666667
eligible,16,0.6826666666666666,2.5914065216736164,2.662176736889151,48,240,1920,2.3732934470480784,2.2676938883239144,2.474226162405084,0.7473856029531687,3.7583701261132854,0.1838136261081276,0.18331396782704704,0.9991483284592676,0.1259485621827672,0.23966400435624421,0.06197916666666667,0.0546875,0.06927083333333334
eligible,32,1.3653333333333333,2.2562361714465333,2.3212824990565983,48,240,960,2.1783769652864082,2.0745157486691426,2.2755560592783057,0.708974003669492,3.596089341837477,0.18138412126257192,0.18111152744583944,0.9992829095996931,0.12764405986159627,0.23615241668647965,0.06145833333333333,0.051041666666666666,0.071875
eligible,64,2.7306666666666666,2.0857025626794004,2.1304779208954,48,240,480,2.081536634360418,1.9765976963909537,2.1887794216318204,0.7073894630402147,3.5236002726751807,0.18035938570834442,0.18014784464728795,0.9993455463135414,0.12625546420549744,0.2360511748804308,0.05625,0.04583333333333333,0.06875
eligible,128,5.461333333333333,2.0024637676409456,2.0283559936364606,48,240,240,2.034286312637605,1.9339165877747448,2.1325153855921597,0.6535255340920592,3.311238215741633,0.17988290113566083,0.17971386288521643,0.9993750809489766,0.12858746619327632,0.23354733810407963,0.05,0.041666666666666664,0.0625
