group,variant,frame,midpoint_s,scenes,records,frames,rmse_deg,rmse_ci_low,rmse_ci_high,median_abs_deg,p90_abs_deg,mean_signed_deg,circular_bias_deg,circular_resultant,bias_ci_low,bias_ci_high,failure_rate,failure_ci_low,failure_ci_high
all,F_S_R,0,0.021333333333333333,72,360,360,28.595563812922332,23.414444677125363,33.45551787666193,2.091283538718983,21.290822112007504,0.8839130419483502,0.17361082693171848,0.9170427462212323,-1.2911552083997115,1.643176374245945,0.325,0.29715277777777777,0.35555555555555557
all,F_O_R,0,0.021333333333333333,72,360,360,3.3702730148591873,2.9534373288496814,3.8114754321127493,1.259891313411316,5.578165647867334,0.056474086801705584,0.05860861173662136,0.9982764217965326,-0.14773967245214842,0.2525939504849096,0.1111111111111111,0.09166666666666666,0.13333333333333333
all,F_S_R,1,0.064,72,360,360,25.610133542109935,20.77162320130969,29.525442745884284,2.112064814435655,20.663403583071233,2.2270928039974294,1.1966692747362695,0.9240557497785494,-0.21189263080623966,2.5843627778368528,0.3111111111111111,0.28055555555555556,0.3416666666666667
all,F_O_R,1,0.064,72,360,360,17.4857319827059,12.604836508806164,21.56783962437474,1.9705315692345664,13.415275317920814,0.6392730964404736,0.21216261566124284,0.9639596540437574,-0.841807210514893,1.1874147877146604,0.25277777777777777,0.21944444444444444,0.2834027777777774
all,F_S_R,2,0.10666666666666667,72,360,360,34.287552726081294,29.503344587648016,38.71405418889627,2.0503717622314497,31.9409522762834,2.3849779887848928,0.8920112746157415,0.8799743298942859,-0.7596212826504632,2.572987014203297,0.3472222222222222,0.31666666666666665,0.37777777777777777
all,F_O_R,2,0.10666666666666667,72,360,360,24.048859606800754,19.1875177586028,28.6512164425256,1.9509282062977604,15.649869003767787,0.5570565446979692,0.5134132763486354,0.9364702206425952,-0.7312517115641748,1.808041463600389,0.33055555555555555,0.3,0.3611111111111111
all,F_S_R,3,0.14933333333333335,72,360,360,29.992138974549317,24.266479478741285,35.12316371403072,2.3405570882093514,21.992706109660936,0.021140925200939856,0.541843322462116,0.9113848955533889,-0.7547482748485637,1.8746122611982103,0.3277777777777778,0.29993055555555553,0.35833333333333334
all,F_O_R,3,0.14933333333333335,72,360,360,24.729804512003998,20.00732225480584,28.934470863358975,2.0213109822853994,22.271346737985905,-0.014352904520552398,0.12981710252116285,0.9319395316884176,-1.258428078126793,1.5316809652600125,0.2972222222222222,0.26666666666666666,0.3277777777777778
all,F_S_R,4,0.192,72,360,360,27.85588471948806,22.26633852803094,33.0876947719441,2.0954788433618745,19.57119627053079,0.6607498158295202,0.21837296986035148,0.9229313731703322,-1.0840908492570094,1.4529250134095149,0.35833333333333334,0.3304861111111111,0.3861111111111111
all,F_O_R,4,0.192,72,360,360,29.172070964804025,23.638157054060564,34.37320379087486,2.226823426766174,19.4143234229584,0.5764880868598864,0.27282770435406933,0.9166675144263858,-0.9805797570161602,1.556561239411414,0.3472222222222222,0.31666666666666665,0.375
all,F_S_R,5,0.23466666666666666,72,360,360,25.157009625650954,19.234705818345606,30.312565833479784,2.024089531071226,18.42287193922732,0.4951062884935458,0.8512480601918692,0.9359041870655421,-0.40891292409609126,2.1212380576153644,0.33055555555555555,0.30277777777777776,0.35833333333333334
all,F_O_R,5,0.23466666666666666,72,360,360,26.457012839892908,20.596507426689364,31.770620265549752,2.1108660722707384,19.71326419168092,-0.5506637905350021,0.7566903871455604,0.929238759876264,-0.5423346979330785,1.9982170155286774,0.33611111111111114,0.3055555555555556,0.3638888888888889
all,F_S_R,6,0.2773333333333333,72,360,360,27.967994553382546,22.969374949827717,32.25500670946897,2.206082630994871,22.4801474017061,0.6878015062520977,0.476195792205206,0.9144238850889563,-1.0304352383860698,2.0694255038759923,0.3138888888888889,0.2833333333333333,0.3416666666666667
all,F_O_R,6,0.2773333333333333,72,360,360,27.48131003818634,22.843828886730186,31.823835370098216,2.27801765535375,22.992016361561706,1.0012497082043932,0.3587074830871705,0.9151016896082496,-1.2357825367131117,2.0861056743633357,0.3138888888888889,0.28888888888888886,0.3416666666666667
all,F_S_R,7,0.32,72,360,360,25.319534692801582,20.3452067885137,29.93104664082235,2.148310193053277,17.12802336727139,1.3231190772515247,0.9881525416162957,0.9329581342709188,-0.06672296798665811,2.1127774634039747,0.3472222222222222,0.31666666666666665,0.375
all,F_O_R,7,0.32,72,360,360,26.009422714595107,20.905280329865306,30.60280845720997,2.0785708413776547,18.91003530147876,1.1522686794368229,0.8125479690840641,0.9291067380505587,-0.4249150760758539,2.0242400098718045,0.3388888888888889,0.3111111111111111,0.36944444444444446
all,F_S_R,8,0.3626666666666667,72,360,360,29.089022452543038,23.602167374721972,33.955908627850036,2.1828095851449802,24.315597478670217,0.15693776704947057,0.4520757975632866,0.9144316698926502,-0.9714746409834123,1.9117142003392467,0.32222222222222224,0.2916666666666667,0.3527777777777778
all,F_O_R,8,0.3626666666666667,72,360,360,29.63227474200018,23.943502914818747,34.828985052782734,2.1758250966472303,25.384981790794413,-0.5974298435529277,0.5028016251698916,0.9127338373604164,-0.9156429119670008,1.9284353198136777,0.3333333333333333,0.30277777777777776,0.3638888888888889
all,F_S_R,9,0.4053333333333333,72,360,360,33.92782189109248,28.224829920695885,39.4508179411184,2.1472805642657136,29.639290996467707,3.3702486067961077,1.2026969198430526,0.89122146586488,-0.32651110450846965,2.769659026246497,0.30833333333333335,0.2777777777777778,0.33611111111111114
all,F_O_R,9,0.4053333333333333,72,360,360,33.96886577361518,27.862254691539864,39.48649249449519,2.0769017024171603,29.64536054896477,3.330391052845028,1.1924267116044873,0.8911002756873483,-0.3382927824161641,2.859738612711525,0.3055555555555556,0.275,0.33611111111111114
all,F_S_R,10,0.448,72,360,360,25.431985465445116,19.67300323651738,30.48013966118068,2.106884824429727,23.154109035510594,0.7678008110484819,-0.27251463981788615,0.9341174190275017,-1.4310236074889378,0.9745446529004502,0.3111111111111111,0.28326388888888887,0.3416666666666667
all,F_O_R,10,0.448,72,360,360,25.76146539434726,20.07818691799978,30.47210672098007,2.1068848236079134,23.78492090865166,0.5541855451579086,-0.47614521097414786,0.9322353925424771,-1.751426395268525,0.7698767367344402,0.30833333333333335,0.2777777777777778,0.3388888888888889
all,F_S_R,11,0.49066666666666664,72,360,360,26.748096620577215,22.48363457451586,30.7951296029475,2.1830407983808584,29.923117403969083,2.0268074855540674,1.4671661711783632,0.91906635810879,0.03958729394874161,2.9448299216794065,0.3277777777777778,0.2972222222222222,0.35555555555555557
all,F_O_R,11,0.49066666666666664,72,360,360,27.057252784727087,22.492566757050778,31.476822953515697,2.2033003660905877,32.03813855627427,2.211374039829717,1.6326665262520872,0.9169342201005937,0.15344145122680608,3.022801054277168,0.3333333333333333,0.3055555555555556,0.3611111111111111
all,F_S_R,12,0.5333333333333333,72,360,360,31.176649367292026,26.2450241935246,35.961282604880104,2.3192824292909364,20.795192704732536,2.3122644790617106,1.279546822460252,0.9023798097130521,-0.1205615942298155,2.6066830052481236,0.33611111111111114,0.3055555555555556,0.36666666666666664
all,F_O_R,12,0.5333333333333333,72,360,360,31.60138533030944,26.83165053427784,36.37696210435739,2.3434713617121474,20.909563261142658,1.5643637769018799,1.038457014613156,0.9009773376192779,-0.3378539651683061,2.3461588141554888,0.3333333333333333,0.30277777777777776,0.3638888888888889
all,F_S_R,13,0.576,72,360,360,27.780490256417576,22.92423753352035,32.3069814778497,1.8653508663600462,22.8245701197884,0.6251555670935816,0.8053829430943924,0.9168038795209561,-0.8136816680439107,2.279460481326015,0.30277777777777776,0.27493055555555557,0.3333333333333333
all,F_O_R,13,0.576,72,360,360,27.790240747117483,23.062945851907806,32.210133531936435,1.8709584602442675,22.73258214692363,0.6181716071582731,0.8054243429240606,0.9167663468069306,-0.7039324156269502,2.2861741409091527,0.3055555555555556,0.275,0.33611111111111114
all,F_S_R,14,0.6186666666666667,72,360,360,29.69665734982039,23.249433551012572,35.64541093756952,2.1853546079456123,21.674314218373897,3.1636960618302,1.028591702744205,0.9195480518627168,-0.24405596141977837,2.2968510435258267,0.3277777777777778,0.3,0.35555555555555557
all,F_O_R,14,0.6186666666666667,72,360,360,29.73936212562481,23.46438774424018,35.69819386869009,2.184806461538045,21.67151746072628,3.1658019554571606,1.0188408585986855,0.9194724747562408,-0.3892408757757915,2.425505795819441,0.3277777777777778,0.2972222222222222,0.35833333333333334
all,F_S_R,15,0.6613333333333333,72,360,360,32.64662594288244,26.85291078721668,37.68994130563324,2.1912123138064743,28.780318829379507,4.454523167075778,1.3120996421250117,0.9008920500051772,-0.007156335077563636,2.7205347860652855,0.3416666666666667,0.3111111111111111,0.37222222222222223
all,F_O_R,15,0.6613333333333333,72,360,360,32.66638810241087,27.155457907918528,37.679441051974365,2.19121231380646,28.768737063081176,4.451220188692095,1.3048787810025966,0.9008193188643343,-0.012394320273543702,2.635449724941423,0.3416666666666667,0.3111111111111111,0.36944444444444446
all,F_S_R,16,0.704,72,360,360,26.989183411533144,22.245787186368815,31.5820988793372,1.8569026331937408,24.19500902319638,2.1677069003698413,0.689795634966673,0.9215603658482519,-0.6747388058558099,2.098397515316841,0.31666666666666665,0.28888888888888886,0.3472222222222222
all,F_O_R,16,0.704,72,360,360,26.977242611148117,22.174986622897368,31.578850403305072,1.8569026331938545,24.223112749627493,2.167227601602568,0.6926489456867143,0.9215830772346508,-0.6425432484436898,2.152161634633009,0.3194444444444444,0.2861111111111111,0.35
all,F_S_R,17,0.7466666666666667,72,360,360,28.745190247157566,22.31424450579492,34.40234010791477,2.17486864626828,17.849147310709824,1.5926936811038692,0.4355795202142482,0.9241378360066331,-0.6951233404516678,1.5307688561110595,0.30833333333333335,0.275,0.3416666666666667
all,F_O_R,17,0.7466666666666667,72,360,360,28.74423305464875,22.47233195905142,34.50454090187058,2.1729578636969222,17.789697152802525,1.592904717218998,0.4361130807733372,0.924146216371405,-0.658829380777023,1.6666479013776416,0.3055555555555556,0.275,0.33611111111111114
all,F_S_R,18,0.7893333333333333,72,360,360,31.576850696041898,26.49088812899288,36.41161052287387,2.0062759897850526,26.71978740861046,3.531178240952796,2.0355238869839867,0.8993193648579846,0.5813885965598908,3.6648065642240595,0.3194444444444444,0.28888888888888886,0.35
all,F_O_R,18,0.7893333333333333,72,360,360,31.578810443420195,26.75037232019817,36.15189281719624,2.0012420969985953,26.725517851995285,3.529968372538684,2.0349206064861365,0.8992907436865895,0.4328959948906701,3.688330799695777,0.3194444444444444,0.28888888888888886,0.35
all,F_S_R,19,0.832,72,360,360,30.319320566528106,24.2784586510066,35.66156892996144,2.309563941164498,18.114373564227655,3.0637604838819277,1.1915055324081654,0.916405478789031,-0.012769548011946519,2.5317965283346453,0.33055555555555555,0.3,0.35833333333333334
all,F_O_R,19,0.832,72,360,360,30.320798702941772,24.15575007310391,35.67524265780039,2.3050926330717516,18.1178408330858,3.064133235716895,1.191561288123937,0.9164022285682983,-0.06456442318430633,2.4209109452218978,0.33055555555555555,0.3,0.3584027777777774
all,F_S_R,20,0.8746666666666667,72,360,360,25.240794689980742,18.951901324875802,30.830067723466264,2.054490208568126,17.286773679163318,1.6205596073015889,1.0454183523801097,0.9368896588942168,-0.06464550909236544,2.28042804818158,0.2972222222222222,0.26666666666666666,0.3277777777777778
all,F_O_R,20,0.8746666666666667,72,360,360,25.241678278766173,19.14724550603489,30.825696375521982,2.0537187493114857,17.29071651837681,1.6206504107764144,1.0453152643286923,0.9368867075412026,-0.1288367783101496,2.2183619027661305,0.2972222222222222,0.2638888888888889,0.3277777777777778
all,F_S_R,21,0.9173333333333333,72,360,360,25.966598947459214,20.926800975456548,30.553421292029928,2.252910318430196,23.622918573428723,-0.16478954922720135,0.6050411577528539,0.9287820064960948,-0.7738111943537295,1.9868011643831132,0.30833333333333335,0.28055555555555556,0.3333333333333333
all,F_O_R,21,0.9173333333333333,72,360,360,25.966597834002272,20.799806862224177,30.291121866576415,2.252910318430196,23.62294354062614,-0.16478875790228642,0.6050419827597484,0.928782018026875,-0.8314305846512025,1.9816228443469728,0.30833333333333335,0.2833333333333333,0.3333333333333333
all,F_S_R,22,0.96,72,360,360,32.34293164445087,27.02742218854656,37.378061580199116,2.1565317533585073,24.53074716163249,0.8432536433483365,0.07721529510191107,0.8923765750350361,-1.4577794122396963,1.6138608114826303,0.33611111111111114,0.3055555555555556,0.3638888888888889
all,F_O_R,22,0.96,72,360,360,32.34293164445083,26.6669393424558,37.514639572850285,2.1565317533585073,24.530747161632586,0.8432536433483026,0.07721529510189926,0.8923765750350361,-1.4932406572153891,1.5813506888725053,0.33611111111111114,0.3055555555555556,0.36395833333333294
all,F_S_R,23,1.0026666666666666,72,360,360,30.28748940951636,24.803252729716018,35.09060569769673,2.255487434845321,22.48424138051838,-1.0473350064557942,-0.3741417436935622,0.9065947431539809,-1.969835014754687,1.1521208407387107,0.3388888888888889,0.31104166666666666,0.36944444444444446
all,F_O_R,23,1.0026666666666666,72,360,360,30.28748940951637,25.01521530132041,34.87350582764269,2.2554874348453495,22.48424138051841,-1.0473350064557923,-0.3741417436935476,0.9065947431539808,-1.987402992642358,1.206250770914644,0.3388888888888889,0.3111111111111111,0.36666666666666664
all,F_S_R,24,1.0453333333333332,72,360,360,29.40201945824861,23.56572657378529,34.78364641021541,2.0368741860619792,25.72699378856902,-0.5642312556719458,-0.04740900169507184,0.9115756413258568,-1.521844257232086,1.3324594894249244,0.30833333333333335,0.2777777777777778,0.3416666666666667
all,F_O_R,24,1.0453333333333332,72,360,360,29.40201945824859,23.719500198609207,34.504531617140785,2.0368741860620503,25.726993788569196,-0.564231255671955,-0.04740900169508225,0.9115756413258568,-1.496023352528904,1.4385065896569487,0.30833333333333335,0.275,0.3416666666666667
all,F_S_R,25,1.088,72,360,360,27.90047659723647,23.318750603647633,32.263881395515696,2.1839844346974218,21.54811605953187,1.724845884326034,0.6272952448136506,0.9173152254083882,-0.6991158456572508,2.0204101290000698,0.3277777777777778,0.29993055555555553,0.35555555555555557
all,F_O_R,25,1.088,72,360,360,27.9004765972365,23.25356036294792,32.22007635335683,2.1839844346973933,21.548116059531875,1.724845884326033,0.6272952448136413,0.9173152254083884,-0.7841191420548153,1.9989838873780785,0.3277777777777778,0.3,0.35555555555555557
all,F_S_R,26,1.1306666666666667,72,360,360,24.262890548389,19.276137016173454,28.971997630244697,2.1794696544237127,18.517283080045267,-0.23642704824697103,0.773978611958777,0.934187636642007,-0.56163638783487,2.113928743837505,0.3388888888888889,0.3111111111111111,0.36666666666666664
all,F_O_R,26,1.1306666666666667,72,360,360,24.262890548389013,19.401792723210505,28.868895348122546,2.179469654423656,18.517283080045274,-0.23642704824697172,0.7739786119587825,0.934187636642007,-0.5401782250613488,2.094138577575107,0.3388888888888889,0.3111111111111111,0.36666666666666664
all,F_S_R,27,1.1733333333333333,72,360,360,22.72265754986734,18.13448632863732,26.846694077315856,2.106051924384616,17.450791861513988,0.3563841978272572,0.17145089219959264,0.9433074411868013,-0.9630009364917423,1.3524760822630246,0.32222222222222224,0.2916666666666667,0.3527777777777778
all,F_O_R,27,1.1733333333333333,72,360,360,22.722657549867353,18.09475267911947,26.457543281321115,2.1060519243844738,17.45079186151405,0.3563841978272641,0.1714508921995936,0.9433074411868013,-0.9647160715044869,1.3761019230906717,0.32222222222222224,0.2916666666666667,0.3527777777777778
all,F_S_R,28,1.216,72,360,360,28.619975784042833,22.96482963220435,33.57281140406298,1.9647044698316307,19.194269120299357,0.3454561873199479,0.059162048884891766,0.9188854009347978,-1.314589985600024,1.4421360449248737,0.3277777777777778,0.3,0.35555555555555557
all,F_O_R,28,1.216,72,360,360,28.619975784042843,22.82719276251083,33.64831468186522,1.9647044698315739,19.194269120299648,0.34545618731995914,0.059162048884892446,0.9188854009347978,-1.3118944251002034,1.5029656670672031,0.3277777777777778,0.3,0.35555555555555557
all,F_S_R,29,1.2586666666666666,72,360,360,25.19446384674209,18.54629730830082,30.30351831165052,1.9323559372942185,20.573456273201916,-0.2909462592981795,0.4095955802202424,0.9382065304452666,-0.769829252172167,1.5522831728572724,0.3111111111111111,0.2833333333333333,0.3388888888888889
all,F_O_R,29,1.2586666666666666,72,360,360,25.19446384674209,19.0545458652478,30.757289902174396,1.9323559372941475,20.573456273201348,-0.2909462592981713,0.409595580220247,0.9382065304452666,-0.8319427681614086,1.585494674177923,0.3111111111111111,0.28055555555555556,0.3416666666666667
all,F_S_R,30,1.3013333333333332,72,360,360,25.668830278104185,20.485908856957938,30.70722343426391,1.9844794268558985,20.731935608678576,1.018135853987153,0.7577454638952975,0.9305315630518853,-0.5043529857965691,2.05976458114099,0.325,0.29444444444444445,0.35555555555555557
all,F_O_R,30,1.3013333333333332,72,360,360,25.668830278104164,20.381292804781264,30.608792226457986,1.9844794268559696,20.731935608678622,1.0181358539871668,0.7577454638953116,0.9305315630518852,-0.3989409827390351,1.9919384000446283,0.325,0.2916666666666667,0.35555555555555557
all,F_S_R,31,1.344,72,360,360,27.4150669574626,21.692153436631955,32.540143973950066,2.065864537692619,18.80663769139142,1.225633540919108,-0.15866698780651908,0.9244841949108745,-1.4453020145792106,1.078396320989765,0.31666666666666665,0.28888888888888886,0.34444444444444444
all,F_O_R,31,1.344,72,360,360,27.415066957462603,21.583067138271364,32.43115745208569,2.0658645376926046,18.806637691391398,1.2256335409191148,-0.15866698780651067,0.9244841949108745,-1.4260928582096253,1.1418593961852705,0.31666666666666665,0.28888888888888886,0.3416666666666667
low,F_S_R,0,0.021333333333333333,36,180,180,1.424142000289486,1.2988045972653517,1.5434237644347846,0.8880226475959319,2.441677057278593,0.004996414707939639,0.005018031220915362,0.9996911429844237,-0.15599903210647065,0.16748012318189642,0.0,0.0,0.0
low,F_O_R,0,0.021333333333333333,36,180,180,1.281020494681762,1.1619024188727696,1.401759789169759,0.7546144889830799,2.1277190166122577,-0.006567484495962756,-0.006588037764897691,0.9997501038658233,-0.1452610873060866,0.11887272581016675,0.0,0.0,0.0
low,F_S_R,1,0.064,36,180,180,1.7128541978238905,1.5390832049741363,1.8674218107133271,1.1440260491249319,2.636712804668363,-0.10276968388787269,-0.10267639170194436,0.9995548754577401,-0.2876203817076351,0.0750673572880416,0.016666666666666666,0.0,0.03333333333333333
low,F_O_R,1,0.064,36,180,180,1.720036524039234,1.5474135630861143,1.8936671103811857,1.1433291029154447,2.606938986700609,-0.10494130000154342,-0.1048433630677885,0.9995511915891336,-0.2896886589737634,0.07306631561207881,0.016666666666666666,0.0,0.03333333333333333
low,F_S_R,2,0.10666666666666667,36,180,180,1.4905202808629057,1.305879792079797,1.6614279653773403,0.9533264499224856,2.115756782973605,-0.15965393202667713,-0.15958871897469484,0.9996655856811627,-0.339179972415773,0.023036126630049558,0.011111111111111112,0.0,0.027777777777777776
low,F_O_R,2,0.10666666666666667,36,180,180,1.4901988730821392,1.30504579684768,1.677961805229651,0.948086663370276,2.1113937659967372,-0.1599412678226274,-0.15987615191499258,0.9996657455887239,-0.3432093099783807,0.015305863660941305,0.011111111111111112,0.0,0.027777777777777776
low,F_S_R,3,0.14933333333333335,36,180,180,1.5533416739506545,1.409418724320948,1.6865156199057187,0.8946835792088592,2.478728461556528,-0.14038978187356624,-0.14034398803221798,0.9996355813676046,-0.2903143892904386,0.01053656234749184,0.0,0.0,0.0
low,F_O_R,3,0.14933333333333335,36,180,180,1.553427444003786,1.4121858010071546,1.6833704360334072,0.8947479443582154,2.478899409361821,-0.14040707461728347,-0.14036119365186553,0.9996355415051558,-0.30620120622912356,0.01901718051497045,0.0,0.0,0.0
low,F_S_R,4,0.192,36,180,180,1.4921111385722623,1.3239054881910794,1.643507636819783,0.8346138212689738,2.439220749678145,-0.06109375683181544,-0.0610963330249451,0.9996615483293884,-0.2405031725726378,0.11796986548008936,0.005555555555555556,0.0,0.016666666666666666
low,F_O_R,4,0.192,36,180,180,1.4921097259163256,1.326718888659654,1.6518126775996627,0.8345608688494508,2.4392393126471914,-0.06108994901056045,-0.06109253047762973,0.9996615488998355,-0.2513740814889796,0.13227537719237614,0.005555555555555556,0.0,0.016666666666666666
low,F_S_R,5,0.23466666666666666,36,180,180,1.638195514816014,1.4443826555702826,1.813846168698626,0.9748380170294126,2.634564246688265,-0.024174768302623623,-0.02428743948772574,0.9995914662388254,-0.2064319543945852,0.1618900707105002,0.011111111111111112,0.0,0.027777777777777776
low,F_O_R,5,0.23466666666666666,36,180,180,1.6381924365906013,1.4444874634256697,1.8154281923459767,0.9748482880583396,2.634583019404684,-0.02417748880214769,-0.024290158228135766,0.9995914677936072,-0.1993606096790638,0.16050422498185005,0.011111111111111112,0.0,0.027777777777777776
low,F_S_R,6,0.2773333333333333,36,180,180,1.5161278800564477,1.3694209100408017,1.6624783342257603,0.877290998642053,2.4350319216171896,-0.10128880526595307,-0.10127298361105751,0.9996515267378454,-0.2679065944076458,0.0751904928060473,0.0,0.0,0.0
low,F_O_R,6,0.2773333333333333,36,180,180,1.5161275900260525,1.3727823594639177,1.6657757655581906,0.8772895093836155,2.4350317552903165,-0.10128934954123518,-0.10127352795967544,0.9996515268885156,-0.2722644451671038,0.08136336152624994,0.0,0.0,0.0
low,F_S_R,7,0.32,36,180,180,1.5740491406462616,1.3776859981855967,1.7549130217703384,0.9718408290773368,2.4058894239993065,0.054569235026010354,0.05447717567992313,0.9996232034575924,-0.14294231224943105,0.23629797715840595,0.016666666666666666,0.0,0.03333333333333333
low,F_O_R,7,0.32,36,180,180,1.5740491364394316,1.3842214144120695,1.7548680336934561,0.9718405757874962,2.405887043677242,0.05456935630633208,0.054477296907592836,0.9996232034616528,-0.11969615605304046,0.24048983508967575,0.016666666666666666,0.005555555555555556,0.03333333333333333
low,F_S_R,8,0.3626666666666667,36,180,180,1.629930961776543,1.4570587499266545,1.7974858127591422,1.041875904874928,2.509868559457868,-0.2842025178948126,-0.2841341411622376,0.9996077655142839,-0.456042214840195,-0.10530565325082042,0.011111111111111112,0.0,0.027777777777777776
low,F_O_R,8,0.3626666666666667,36,180,180,1.6299309658451384,1.4517544096619197,1.8044085186372385,1.0418759124857786,2.509868562731452,-0.28420252365983506,-0.2841341469214258,0.9996077655127623,-0.4711024802621816,-0.10030004441934551,0.011111111111111112,0.0,0.027777777777777776
low,F_S_R,9,0.4053333333333333,36,180,180,1.5892597639632156,1.4491899449907806,1.7158962454359596,1.0001160763704462,2.652798489084182,-0.06366784374686792,-0.06369177492818255,0.9996160054047479,-0.2362926362999933,0.11248676780018647,0.0,0.0,0.0
low,F_O_R,9,0.4053333333333333,36,180,180,1.5892597626180482,1.4509834629138503,1.714694642300007,1.0001160763551127,2.6527985016723448,-0.06366784158929101,-0.06369177276903037,0.9996160054053567,-0.24112312742111833,0.10770771212443497,0.0,0.0,0.0
low,F_S_R,10,0.448,36,180,180,1.6700378447672621,1.5084063260012137,1.8416651261805304,1.1408705972301902,2.440616768345244,-0.10702851595863036,-0.10706041424499431,0.9995770680105008,-0.275492476685187,0.06493482056172277,0.005555555555555556,0.0,0.016666666666666666
low,F_O_R,10,0.448,36,180,180,1.6700378441859915,1.499017045924067,1.8461893966525273,1.140870597231313,2.4406167674013703,-0.10702851524192059,-0.10706041352816997,0.9995770680107733,-0.27081874432575875,0.0663876265438181,0.005555555555555556,0.0,0.016666666666666666
low,F_S_R,11,0.49066666666666664,36,180,180,1.6427088550892923,1.4290507421423657,1.851614979435378,0.8653564491191901,2.7320889127774364,-0.24659726522834388,-0.2464379357288261,0.9995983977508497,-0.4350275822728892,-0.07952220910801458,0.011111111111111112,0.0,0.022222222222222223
low,F_O_R,11,0.49066666666666664,36,180,180,1.642708854970135,1.436467443081191,1.8455548499696275,0.8653564498517312,2.732088912831588,-0.24659726518185354,-0.24643793568247638,0.999598397750906,-0.42811899349116866,-0.07050862942857566,0.011111111111111112,0.0,0.022222222222222223
low,F_S_R,12,0.5333333333333333,36,180,180,1.6772632260054186,1.5026201341360461,1.8472663849636044,1.0113936876655032,2.679053229966098,-0.05243773639242385,-0.05254202821851823,0.9995720781353906,-0.2357393006570392,0.11726453124580039,0.016666666666666666,0.005555555555555556,0.03333333333333333
low,F_O_R,12,0.5333333333333333,36,180,180,1.6772632259855018,1.49931370218383,1.848345150793896,1.011393687791255,2.6790532299079186,-0.052437736405728526,-0.052542028231798814,0.9995720781354009,-0.22536984853662503,0.11499841336341698,0.016666666666666666,0.0,0.03333333333333333
low,F_S_R,13,0.576,36,180,180,1.4305876414241887,1.244916171531502,1.6216086681574775,0.8872646024225901,2.1257054758575746,-0.16189387474249864,-0.16180458851949917,0.9996923615391937,-0.3175786368266674,-0.006816577427804893,0.011111111111111112,0.0,0.027777777777777776
low,F_O_R,13,0.576,36,180,180,1.4305876414265257,1.2499888829996857,1.6339756824225777,0.8872646024198758,2.125705475857245,-0.1618938747444962,-0.16180458852149418,0.9996923615391927,-0.3273109440156981,-0.001462237174539166,0.011111111111111112,0.0,0.027777777777777776
low,F_S_R,14,0.6186666666666667,36,180,180,1.574657508430533,1.4036720816286898,1.7322966291613102,0.8427354135086773,2.4105079942325935,-0.07396096584233887,-0.07394457092660625,0.9996232770820416,-0.2487564441107812,0.08451670839670206,0.005555555555555556,0.0,0.016666666666666666
low,F_O_R,14,0.6186666666666667,36,180,180,1.5746575084311127,1.4084703542553965,1.7295356464019143,0.8427354135087057,2.4105079942331704,-0.0739609658416187,-0.0739445709258864,0.9996232770820414,-0.2606849105554102,0.0888940974658207,0.005555555555555556,0.0,0.016666666666666666
low,F_S_R,15,0.6613333333333333,36,180,180,1.7726958427030992,1.525132507571614,2.0410528578735807,0.9293664357612386,2.654560273460629,-0.2620653575575108,-0.2621305482929424,0.999532091290593,-0.45790367738237614,-0.056861715964020704,0.022222222222222223,0.005555555555555556,0.044444444444444446
low,F_O_R,15,0.6613333333333333,36,180,180,1.7726958427030175,1.51442230199033,2.033810693793177,0.929366435761267,2.654560273460157,-0.2620653575574129,-0.2621305482928443,0.999532091290593,-0.45627673391356627,-0.05851356007792058,0.022222222222222223,0.005555555555555556,0.044444444444444446
low,F_S_R,16,0.704,36,180,180,1.4552064380974787,1.3227248706789958,1.58869454381158,1.0063528284248662,2.4178385299530674,-0.043738534162380445,-0.04372919944742314,0.9996778145467867,-0.21386272688183988,0.13448237527784213,0.0,0.0,0.0
low,F_O_R,16,0.704,36,180,180,1.4552064380974827,1.3243359967456687,1.5912859411994718,1.0063528284248662,2.4178385299532152,-0.04373853416236323,-0.04372919944740591,0.9996778145467867,-0.21144062451343262,0.1289174507110719,0.0,0.0,0.0
low,F_S_R,17,0.7466666666666667,36,180,180,1.7463485178358968,1.5487585910355322,1.9325222068157162,1.0626872463318193,2.673868715249881,0.030867956565958664,0.03090294379284893,0.9995357928111945,-0.1598169914649174,0.21981201971156872,0.011111111111111112,0.0,0.027777777777777776
low,F_O_R,17,0.7466666666666667,36,180,180,1.746348517835884,1.5497805096484552,1.9277916690139463,1.0626872463317625,2.6738687152499834,0.030867956565952506,0.030902943792842755,0.9995357928111945,-0.1534015990243506,0.22498769614424288,0.011111111111111112,0.0,0.027777777777777776
low,F_S_R,18,0.7893333333333333,36,180,180,1.5888635797621973,1.4076398723204624,1.7492050907063503,0.8784175523525874,2.6165073609394023,-0.2631321520361911,-0.26315344065595364,0.9996261434677715,-0.45200200269853974,-0.08276456268491547,0.0,0.0,0.0
low,F_O_R,18,0.7893333333333333,36,180,180,1.5888635797622055,1.4189262440835526,1.7471944787279943,0.8784175523525732,2.616507360939465,-0.26313215203619617,-0.26315344065595875,0.9996261434677715,-0.44168432311946754,-0.0713190220124652,0.0,0.0,0.0
low,F_S_R,19,0.832,36,180,180,1.6851351808415098,1.5149482876164946,1.8508099313697348,0.9418961307345057,2.93651781504977,-0.20116020737648105,-0.20117659975550514,0.9995737699121059,-0.38045139279276785,-0.017771569419003458,0.011111111111111112,0.0,0.027777777777777776
low,F_O_R,19,0.832,36,180,180,1.6851351808415136,1.5111197873424413,1.8484624638032137,0.9418961307344773,2.936517815049844,-0.20116020737648516,-0.20117659975550922,0.9995737699121059,-0.3735988241089505,-0.024942925781051617,0.011111111111111112,0.0,0.027777777777777776
low,F_S_R,20,0.8746666666666667,36,180,180,1.561015730173663,1.4120961152138696,1.6982927569203616,1.0318309161658306,2.3091918177707527,-0.21142124197802334,-0.2114960137075986,0.9996357475248596,-0.36812895100988885,-0.03595008189760346,0.005555555555555556,0.0,0.016666666666666666
low,F_O_R,20,0.8746666666666667,36,180,180,1.5610157301736642,1.4173531757564406,1.7013810826562903,1.0318309161658732,2.3091918177707527,-0.2114212419780208,-0.2114960137075961,0.9996357475248596,-0.3741551877456487,-0.04091357225686287,0.005555555555555556,0.0,0.016666666666666666
low,F_S_R,21,0.9173333333333333,36,180,180,1.6117958816168938,1.473026685033641,1.7527908794024958,1.0404338893299325,2.744450094943363,-0.1057285322401523,-0.10570866610518559,0.9996060975838935,-0.2875525633133294,0.08292216309009232,0.0,0.0,0.0
low,F_O_R,21,0.9173333333333333,36,180,180,1.611795881616895,1.460978153922115,1.756405642479651,1.040433889329904,2.74445009494342,-0.10572853224015119,-0.10570866610518445,0.9996060975838935,-0.2837442825347306,0.06778703447490617,0.0,0.0,0.0
low,F_S_R,22,0.96,36,180,180,1.6205648377025008,1.4546143845416268,1.7875894578866571,1.0122674527835898,2.4629608694578136,-0.1541166518546763,-0.15416006954409056,0.9996037381993574,-0.32932153050719465,0.027504741311816405,0.011111111111111112,0.0,0.027777777777777776
low,F_O_R,22,0.96,36,180,180,1.6205648377025095,1.4418059110878245,1.7893210413377567,1.0122674527835613,2.4629608694577825,-0.15411665185467124,-0.1541600695440855,0.9996037381993574,-0.33119037954182384,0.028842319584089116,0.011111111111111112,0.0,0.027777777777777776
low,F_S_R,23,1.0026666666666666,36,180,180,1.44981296238263,1.3008118238257298,1.5877518599711322,0.8685326132842164,2.490870753511521,-0.12888327792729387,-0.1289070357187727,0.9996824401939964,-0.30493628557673436,0.04704348195051125,0.0,0.0,0.0
low,F_O_R,23,1.0026666666666666,36,180,180,1.4498129623826275,1.3106940010398482,1.5845737883626108,0.868532613284188,2.490870753511521,-0.12888327792729734,-0.1289070357187762,0.9996824401939964,-0.30958590255785423,0.04146998553936834,0.0,0.0,0.0
low,F_S_R,24,1.0453333333333332,36,180,180,1.5558751801709176,1.4187913540493855,1.6945041451703864,0.982680541837567,2.4710883956648475,-0.25790828637448365,-0.25784615545974915,0.9996415000034468,-0.43093743010792973,-0.0802339570637966,0.005555555555555556,0.0,0.016666666666666666
low,F_O_R,24,1.0453333333333332,36,180,180,1.55587518017092,1.414988465824797,1.6917849384788037,0.9826805418375386,2.471088395664867,-0.2579082863744824,-0.25784615545974787,0.9996415000034468,-0.43128930066552695,-0.07849973807414848,0.005555555555555556,0.0,0.016666666666666666
low,F_S_R,25,1.088,36,180,180,1.5657038077250724,1.4263211748659437,1.6940659175542792,0.9491433135354583,2.4024247369046745,-0.14506020458958394,-0.14511365816408706,0.99962991436899,-0.3132126900484916,0.01156569846068678,0.005555555555555556,0.0,0.016666666666666666
low,F_O_R,25,1.088,36,180,180,1.5657038077250722,1.4313444742046757,1.7005458173140393,0.9491433135354441,2.4024247369046234,-0.14506020458958394,-0.14511365816408708,0.9996299143689901,-0.3203708596567214,0.022307014391553,0.005555555555555556,0.0,0.016666666666666666
low,F_S_R,26,1.1306666666666667,36,180,180,1.474194687700518,1.3293859824112617,1.6065445310237345,0.836628582871171,2.3422256631124925,-0.16366606079303128,-0.16369238939414818,0.9996731409788681,-0.3384888805260228,0.015802612820483453,0.005555555555555556,0.0,0.016666666666666666
low,F_O_R,26,1.1306666666666667,36,180,180,1.4741946877005176,1.3335059744260362,1.605211020099078,0.8366285828711995,2.342225663112546,-0.16366606079302798,-0.16369238939414488,0.9996731409788681,-0.32952473047748526,-0.0007825267461106789,0.005555555555555556,0.0,0.016666666666666666
low,F_S_R,27,1.1733333333333333,36,180,180,1.562588604357158,1.4222677025824633,1.6881360022050815,0.9749547836465098,2.6180184064956276,-0.10478604917841841,-0.10482927944407112,0.9996298509357001,-0.28752265307712566,0.08085778708390777,0.0,0.0,0.0
low,F_O_R,27,1.1733333333333333,36,180,180,1.5625886043571564,1.424696700711572,1.6923264890072036,0.9749547836465524,2.6180184064955254,-0.10478604917842584,-0.10482927944407851,0.9996298509357001,-0.28382959506385974,0.09531328439929011,0.0,0.0,0.0
low,F_S_R,28,1.216,36,180,180,1.430715394860273,1.2835511324634488,1.5691679568027235,0.8763851519691741,2.2895346025664614,-0.027564563426097602,-0.027545053851955572,0.9996884119100974,-0.2016079657860749,0.14119197111343523,0.0,0.0,0.0
low,F_O_R,28,1.216,36,180,180,1.430715394860273,1.283393831043713,1.5784069480413505,0.8763851519691457,2.2895346025666234,-0.02756456342609681,-0.027545053851954816,0.9996884119100974,-0.1993436908292166,0.14716435408929857,0.0,0.0,0.0
low,F_S_R,29,1.2586666666666666,36,180,180,1.499373325686028,1.3583201218378445,1.634410522400616,0.9570197753367893,2.5545375873467577,0.03449836860671919,0.03441436703203039,0.9996578418840367,-0.12732526993124182,0.19559352659523802,0.0,0.0,0.0
low,F_O_R,29,1.2586666666666666,36,180,180,1.4993733256860293,1.3476479677527011,1.63476819291885,0.9570197753368319,2.5545375873467915,0.03449836860672409,0.03441436703203526,0.9996578418840367,-0.13201075737131202,0.19060498155947447,0.0,0.0,0.0
low,F_S_R,30,1.3013333333333332,36,180,180,1.5648469629440551,1.4098371081216798,1.7118666233212492,0.971638938085519,2.686384676190505,-0.2710659827005492,-0.27099587216023935,0.9996383006778159,-0.4386490742430776,-0.10384610975349803,0.005555555555555556,0.0,0.016666666666666666
low,F_O_R,30,1.3013333333333332,36,180,180,1.564846962944057,1.4158698468246815,1.7116673288884756,0.9716389380855617,2.68638467619055,-0.27106598270055315,-0.2709958721602433,0.9996383006778159,-0.4405126990505899,-0.10915137494205646,0.005555555555555556,0.0,0.016666666666666666
low,F_S_R,31,1.344,36,180,180,1.3735468708540413,1.229373022502799,1.5097655584394685,0.8232123487225067,2.2971019028346147,-0.0035275881151943305,-0.003502592032217174,0.999712705095795,-0.18203404415195074,0.17110848689130578,0.005555555555555556,0.0,0.016666666666666666
low,F_O_R,31,1.344,36,180,180,1.3735468708540406,1.2415503075574648,1.5074198003315966,0.8232123487224499,2.297101902834612,-0.0035275881151881727,-0.003502592032211058,0.999712705095795,-0.1772375272308698,0.1640037081822479,0.005555555555555556,0.0,0.016666666666666666
high,F_S_R,0,0.021333333333333333,36,180,180,40.41515011874679,32.81363984451945,47.665491106821406,7.247292400043193,68.81537467444119,1.7628296691887604,0.37560034081313753,0.8344038623823458,-2.935749898481285,3.6057657501049754,0.65,0.5888888888888889,0.7111111111111111
high,F_O_R,0,0.021333333333333333,36,180,180,4.5909113345371155,3.9930875003159696,5.237347190002409,2.325396751131109,7.42158407353642,0.11951565809937392,0.12399795089655244,0.9968040361242191,-0.2609693090842101,0.48776108799279116,0.2222222222222222,0.18333333333333332,0.2611111111111111
high,F_S_R,1,0.064,36,180,180,36.17767281883131,29.981697421674884,42.07753606039527,6.868157997593755,69.35122292739898,4.5569552918827325,2.726271742221277,0.8491162094534236,-0.5255097369511748,6.029301409418121,0.6055555555555555,0.5444444444444444,0.6666666666666666
high,F_O_R,1,0.064,36,180,180,24.66866677179817,18.12754284302928,30.30654696276639,4.84248527966497,21.872552040210937,1.3834874928824905,0.5534637785441537,0.928399887052088,-1.5155894355988444,2.690889858907837,0.4888888888888889,0.4222222222222222,0.5444444444444444
high,F_S_R,2,0.10666666666666667,36,180,180,48.46700829615901,41.61450781777985,54.618710652111375,8.544691846535827,100.35297029008036,4.929609909596463,2.2740658763549124,0.7606727305299521,-1.571251876483438,6.1065193035096375,0.6833333333333333,0.6222222222222222,0.7388888888888889
high,F_O_R,2,0.10666666666666667,36,180,180,33.97756030226258,26.76900138860415,40.42739019150794,7.188741753459965,41.51180699417668,1.2740543572185656,1.2840243100101916,0.8734227136618951,-1.2999432377451001,3.8124598157868137,0.65,0.5944444444444444,0.7055555555555556
high,F_S_R,3,0.14933333333333335,36,180,180,42.38683675601812,34.16270173714589,49.47292730612805,7.612018075757518,62.14271801352635,0.18267163227544453,1.370160734371574,0.8232910972504067,-1.4795837131372704,4.218858371777236,0.6555555555555556,0.6,0.7166666666666667
high,F_O_R,3,0.14933333333333335,36,180,180,34.93870812694829,28.019520352055398,41.1684943728393,7.369009328656006,58.348217201175004,0.11170126557617835,0.442313139320915,0.8642674904412088,-2.53974234064417,3.393939181751663,0.5944444444444444,0.5388888888888889,0.6555555555555556
high,F_S_R,4,0.192,36,180,180,39.36590188679748,30.835630399636948,46.428159746479025,7.780903576630209,51.653593467263114,1.3825933884908561,0.5485150106243735,0.8462271376666394,-2.186791530535411,3.194267917248412,0.7111111111111111,0.65,0.7666666666666667
high,F_O_R,4,0.192,36,180,180,41.22854663115048,33.12606408679848,48.31794233513702,7.694919637334735,61.00165608697275,1.2140661227303329,0.6732159936278048,0.8337108134006177,-2.0502284556499175,3.525379186329766,0.6888888888888889,0.6331944444444444,0.7444444444444445
high,F_S_R,5,0.23466666666666666,36,180,180,35.53964802956588,27.60837708055902,42.94672446799106,8.138396160331112,37.29203368575264,1.0143873452897154,1.8543669629024628,0.8724673232116156,-0.7861646583541946,4.553857322723778,0.65,0.5944444444444444,0.7055555555555556
high,F_O_R,5,0.23466666666666666,36,180,180,37.379986387921726,29.450617507412083,45.07726294379208,7.556553738212898,46.74039392233646,-1.0771500922678565,1.6654110209280908,0.8590869575200057,-1.3047154116570645,4.269758588896926,0.6611111111111111,0.6,0.7166666666666667
high,F_S_R,6,0.2773333333333333,36,180,180,39.52364855282704,32.555052836281625,45.473663537890786,7.392279612093262,76.65738935935278,1.4768918177701487,1.1722843618134868,0.8293082175499273,-2.2584205011145535,4.688944093095088,0.6277777777777778,0.5666666666666667,0.6833333333333333
high,F_O_R,6,0.2773333333333333,36,180,180,38.83485753753455,32.22273989908426,44.57695456436868,7.087923980415354,78.19019864406515,2.103788765950022,0.9122956032776522,0.830622837050797,-2.599260400589464,4.429469869602225,0.6277777777777778,0.5777777777777777,0.6833333333333333
high,F_S_R,7,0.32,36,180,180,35.772615831426094,28.47035705667017,42.42763357100431,7.289447088365662,37.664603748818344,2.591668919477039,2.0651891867614474,0.8665788892420382,-0.382125369778747,4.450158590358097,0.6777777777777778,0.6222222222222222,0.7333333333333333
high,F_O_R,7,0.32,36,180,180,36.74918378969887,29.512237085682546,43.167396225505,7.446561948867512,38.92134282949093,2.249968002567314,1.6949546686613821,0.8587796098095166,-0.9037904925017564,4.276588126105168,0.6611111111111111,0.6055555555555555,0.7166666666666667
high,F_S_R,8,0.3626666666666667,36,180,180,41.10578766486476,33.618414028930026,48.05101530127962,7.6834676974696805,60.96509219107574,0.5980780519937539,1.3393401137399041,0.829437543076882,-1.8425576076972834,4.606920276227032,0.6333333333333333,0.5777777777777777,0.6944444444444444
high,F_O_R,8,0.3626666666666667,36,180,180,41.874655076995474,33.85199329758171,49.222726979942095,7.750317446811692,67.40990970991004,-0.9106571634460197,1.4550698706695557,0.8260682810770456,-1.854866644763954,4.698725176897854,0.6555555555555556,0.5944444444444444,0.7111111111111111
high,F_S_R,9,0.4053333333333333,36,180,180,47.954858460327415,39.48391547505542,56.13281459192131,7.536138739163718,82.10292196175718,6.804165057339082,2.8187234688383507,0.7833826642826115,-0.7760172415569184,6.560586563755009,0.6166666666666667,0.5555555555555556,0.6777777777777778
high,F_O_R,9,0.4053333333333333,36,180,180,48.012935103976844,39.16688114518791,56.14284784274694,7.487197361332733,82.87859826255217,6.724449947279347,2.7958606314816574,0.7831314049545837,-0.7239970342066857,6.724394214506315,0.6111111111111112,0.55,0.6722222222222223
high,F_S_R,10,0.448,36,180,180,35.92746502365938,27.575719432532015,42.97087665565229,8.191194856773663,42.6375335167835,1.6426301380555939,-0.4629033329774346,0.8686667335309287,-3.0418154472969308,2.059159224906857,0.6166666666666667,0.5555555555555556,0.6777777777777778
high,F_O_R,10,0.448,36,180,180,36.393916691217626,29.119348618812772,43.324065697975314,8.21569777189319,44.39812318741338,1.2153996055577378,-0.9026837317492973,0.8649384238604649,-3.7774719525766276,1.9060973350158004,0.6111111111111112,0.5444444444444444,0.6722222222222223
high,F_S_R,11,0.49066666666666664,36,180,180,37.79183580172945,31.236507485173686,43.913202032323696,7.175195875826901,62.43597889256271,4.300212236336479,3.5076602087331437,0.8395136762723513,0.3487497741618988,6.824552682006411,0.6444444444444445,0.5888888888888889,0.7
high,F_O_R,11,0.49066666666666664,36,180,180,38.22945675955972,32.13950909074113,44.22843900488076,7.344680897111431,64.01402744176228,4.669345344841285,3.8811474419521184,0.8354508184290353,0.6767587947477773,7.351766136398467,0.6555555555555556,0.6,0.7111111111111111
high,F_S_R,12,0.5333333333333333,36,180,180,44.05852607172453,36.446036964532695,51.01830201796812,7.19344698852052,88.32678398209605,4.676966694515844,2.932060304614866,0.8057928052278689,-0.0804291119189009,5.88186149821213,0.6555555555555556,0.5944444444444444,0.7111111111111111
high,F_O_R,12,0.5333333333333333,36,180,180,44.65962267709111,37.28153639935548,51.047001216882,7.228040598834411,88.48780573645215,3.1811652902094876,2.396930858491451,0.8027894400071884,-0.7610072279414353,5.364029250972984,0.65,0.5888888888888889,0.7055555555555556
high,F_S_R,13,0.576,36,180,180,39.26149127037876,32.59208450020732,45.56925343396259,6.453561210128214,67.89207731222508,1.4122050089296616,1.9644298922127237,0.8342285133857107,-1.26295704792589,5.27199074208258,0.5944444444444444,0.5333333333333333,0.6555555555555556
high,F_O_R,13,0.576,36,180,180,39.27528969423008,32.616174526374536,45.68268114749991,6.479608865974313,67.78554201669675,1.3982370890610425,1.964625169024716,0.834153490119316,-1.5811186114037812,5.171892124103,0.6,0.5388888888888889,0.6555555555555556
high,F_S_R,14,0.6186666666666667,36,180,180,41.96788497454245,32.992334569796235,49.8481420879601,8.141077266008011,51.39154607386017,6.401353089502739,2.3408644808505965,0.8398781731318836,-0.7129351784463314,5.323733827179643,0.65,0.5944444444444444,0.7055555555555556
high,F_O_R,14,0.6186666666666667,36,180,180,42.02832108244674,32.94172451762328,50.20156606185067,8.06574844253764,50.961621132696685,6.40556487675594,2.319752453614069,0.8397199217070151,-0.40055243024125353,5.234083727112978,0.65,0.5944444444444444,0.7055555555555556
high,F_S_R,15,0.6613333333333333,36,180,180,46.135256803861324,38.1246550130444,53.30859219547873,8.094791240486558,73.47036844177664,9.17111169170907,3.2715126959195038,0.8030988332315134,0.3585047948316413,6.535215680261543,0.6611111111111111,0.6,0.7222222222222222
high,F_O_R,15,0.6613333333333333,36,180,180,46.16322532886891,37.7500084963916,53.58247055873037,8.105642583999952,73.51487844889856,9.164505734941601,3.2556750339174356,0.8029457089639782,0.19839264206564433,6.255887546544578,0.6611111111111111,0.6055555555555555,0.7222222222222222
high,F_S_R,16,0.704,36,180,180,38.14071861757814,31.253273465776918,44.22661318002596,7.692068215386456,60.79201916383584,4.379152334902064,1.5590198489211735,0.843621920233101,-1.4093296525105306,4.51056335650201,0.6333333333333333,0.5722222222222222,0.6944444444444444
high,F_O_R,16,0.704,36,180,180,38.12381948367727,31.03807434610199,44.61095462283677,7.678397193064427,60.808781627453996,4.3781937373675,1.5652059754023964,0.8436687328733044,-1.279817504808813,4.690574379722511,0.6388888888888888,0.5777777777777777,0.7
high,F_S_R,17,0.7466666666666667,36,180,180,40.61431018181667,31.52723737483022,48.752181922183006,6.5522802120776475,41.94775595567063,3.1545194056417802,0.9121261768462967,0.8487941686803454,-1.4967857851120019,3.3006447247216357,0.6055555555555555,0.5444444444444444,0.6666666666666666
high,F_O_R,17,0.7466666666666667,36,180,180,40.612955256348634,31.563420860094897,48.65094240648979,6.537239468595118,41.82975305054459,3.1549414778720437,0.9132785589560621,0.8488110720777042,-1.5191441617041523,3.2333690616272586,0.6,0.5388888888888889,0.6611111111111111
high,F_S_R,18,0.7893333333333333,36,180,180,44.628135881808326,36.923593338885105,51.34778286399983,7.630968041700058,77.62127060693106,7.3254886339417835,4.905280826003436,0.8008212555766338,1.3367117513621052,8.310050622675913,0.6388888888888888,0.5833333333333334,0.6945833333333326
high,F_O_R,18,0.7893333333333333,36,180,180,44.63090913893458,37.35206869117035,51.26220378399597,7.627994794839793,77.65942377732836,7.323068897113564,4.904132564880112,0.8007631369518873,1.354119021989061,8.431630893188533,0.6388888888888888,0.5833333333333334,0.6944444444444444
high,F_S_R,19,0.832,36,180,180,42.8448680550434,34.42824419837748,50.08309795525638,7.525751234355653,56.11755962706693,6.328681175140337,2.8609756154773134,0.8338864229006652,0.16276439423014422,5.71523381112141,0.65,0.5888888888888889,0.7055555555555556
high,F_O_R,19,0.832,36,180,180,42.84696007175913,33.95027051608551,50.02364275224035,7.52715629610222,56.11646602646276,6.329426678810274,2.86111112263565,0.8338799771809281,0.15574961898171003,5.560331695783797,0.65,0.5944444444444444,0.7055555555555556
high,F_S_R,20,0.8746666666666667,36,180,180,35.66172546377517,27.30803118549921,43.44423374213365,7.236612021767513,40.28383237866789,3.452540456581201,2.481963793581744,0.8746589984154339,-0.045591272140081074,4.938627315968455,0.5888888888888889,0.5277777777777778,0.65
high,F_O_R,20,0.8746666666666667,36,180,180,35.66297624354454,26.546195703582384,43.656119717490434,7.222775387461809,40.288636054675464,3.4527220635308487,2.4817527106549466,0.8746530130485818,-0.20028580700420218,5.040839484367059,0.5888888888888889,0.5277777777777778,0.65
high,F_S_R,21,0.9173333333333333,36,180,180,36.68692731522201,29.359741896218786,43.11292749890757,7.417346339671894,53.91212350802248,-0.22385056621424912,1.4329821280836939,0.8581244165642042,-1.6868450497483103,4.448416649092856,0.6166666666666667,0.5611111111111111,0.6722222222222223
high,F_O_R,21,0.9173333333333333,36,180,180,36.68692573903714,29.313695563416623,43.04680640630303,7.417330881447498,53.912130709705046,-0.2238489835644218,1.432983891522795,0.8581244400098488,-1.6845070070977368,4.455081302103701,0.6166666666666667,0.5611111111111111,0.6722222222222223
high,F_S_R,22,0.96,36,180,180,45.7110951993282,37.75852472274239,52.81997472301101,6.92621862380372,89.36312770788908,1.8406239385513496,0.3717816651780628,0.7851679389507145,-3.0447797010763753,3.7211572590234008,0.6611111111111111,0.6055555555555555,0.7222222222222222
high,F_O_R,22,0.96,36,180,180,45.71109519932814,37.58177433097201,52.695525151188086,6.9262186238038055,89.36312770788913,1.8406239385512764,0.37178166517802796,0.7851679389507151,-3.1421160340284593,3.9675009585345755,0.6611111111111111,0.6055555555555555,0.7166666666666667
high,F_S_R,23,1.0026666666666666,36,180,180,42.808434587558075,35.22353713120596,49.39379506445669,7.103184824489375,70.59312042961623,-1.9657867349842955,-0.6754926218285642,0.8135274553353727,-4.139775557931396,2.685579452235692,0.6777777777777778,0.6222222222222222,0.7334722222222214
high,F_O_R,23,1.0026666666666666,36,180,180,42.80843458755809,34.991888947489095,49.85719721288417,7.103184824489489,70.59312042961604,-1.9657867349842877,-0.6754926218285272,0.8135274553353727,-4.102265638231823,2.6048214559462757,0.6777777777777778,0.6222222222222222,0.7388888888888889
high,F_S_R,24,1.0453333333333332,36,180,180,41.55161547846471,33.46623576073411,48.6339313749841,7.175376169342542,63.08866779409285,-0.8705542249694079,0.208031950569435,0.8235247093335427,-2.696354949426817,3.3708934607634733,0.6111111111111112,0.5444444444444444,0.6722222222222223
high,F_O_R,24,1.0453333333333332,36,180,180,41.551615478464676,33.50353425102832,48.61717326219393,7.1753761693425275,63.088667794093325,-0.8705542249694276,0.20803195056941023,0.8235247093335429,-3.055428341615421,3.3384003276178786,0.6111111111111112,0.5444444444444444,0.6722222222222223
high,F_S_R,25,1.088,36,180,180,39.42615578892209,32.35523361944922,45.61220460114078,7.508267485807593,72.88099855523507,3.5947519732416517,1.551784083082809,0.835200091119227,-1.5024626830670422,4.615631195257774,0.65,0.5944444444444444,0.7055555555555556
high,F_O_R,25,1.088,36,180,180,39.42615578892214,32.5281810803203,45.865104295295815,7.50826748580748,72.88099855523572,3.5947519732416495,1.5517840830827894,0.8352000911192266,-1.4393954280029362,4.517725588672485,0.65,0.5944444444444444,0.7
high,F_S_R,26,1.1306666666666667,36,180,180,34.28122613835397,27.068550916915203,40.477008878914425,6.95543423465017,58.94299182752998,-0.3091880357009106,1.852676924400751,0.8689900015787922,-1.1040289604441724,4.7607027992758155,0.6722222222222223,0.6166666666666667,0.7277777777777777
high,F_O_R,26,1.1306666666666667,36,180,180,34.281226138354,27.06904193690023,41.03089064335715,6.955434234650198,58.94299182753059,-0.30918803570091485,1.8526769244007584,0.8689900015787922,-0.9756514033903123,4.782795185442566,0.6722222222222223,0.6222222222222222,0.7277777777777777
high,F_S_R,27,1.1733333333333333,36,180,180,32.09667660538423,25.53012387965424,37.959831239199445,7.918443155712964,36.02913939652101,0.8175544448329324,0.4828095845066036,0.8870097500147276,-1.8798754231050028,3.1386809196206817,0.6444444444444445,0.5833333333333334,0.7055555555555556
high,F_O_R,27,1.1733333333333333,36,180,180,32.09667660538425,25.653156649616356,37.76975677392997,7.918443155712907,36.029139396521074,0.817554444832954,0.4828095845066139,0.8870097500147276,-1.9614207710801352,3.0012935964836918,0.6444444444444445,0.5833333333333334,0.7055555555555556
high,F_S_R,28,1.216,36,180,180,40.4494632994964,32.10218182399095,47.56533358908562,7.4454651186725584,64.37813515787774,0.7184769380659936,0.16258844376760043,0.8380849001266711,-2.7598491546616404,3.0053649701067533,0.6555555555555556,0.6,0.7111111111111111
high,F_O_R,28,1.216,36,180,180,40.44946329949641,32.51926214728748,47.56580866139185,7.445465118672573,64.37813515787694,0.7184769380660154,0.16258844376760095,0.8380849001266711,-2.872995308954487,3.1980224167810403,0.6555555555555556,0.6,0.7111111111111111
high,F_S_R,29,1.2586666666666666,36,180,180,35.59879066316452,26.838813745020072,42.9805398695296,8.070844110521307,34.939710428044144,-0.6163908872030782,0.8373478399434685,0.8768010854915439,-1.5818842982891463,3.319389944418463,0.6222222222222222,0.5666666666666667,0.6777777777777778
high,F_O_R,29,1.2586666666666666,36,180,180,35.59879066316452,26.8186975880857,43.04254530614421,8.070844110521335,34.939710428045295,-0.6163908872030668,0.8373478399434731,0.8768010854915439,-1.8136740781767673,3.1826231291968012,0.6222222222222222,0.5611111111111111,0.6777777777777778
high,F_S_R,30,1.3013333333333332,36,180,180,36.26746406456896,29.00036097555555,43.234126779477066,7.203504779529069,40.67516068479144,2.3073376906748555,1.9510858247112801,0.8617728615617599,-0.6913214406309129,4.55472161911498,0.6444444444444445,0.5833333333333334,0.7055555555555556
high,F_O_R,30,1.3013333333333332,36,180,180,36.267464064568934,29.14566038830903,43.05725490101178,7.203504779529069,40.67516068479141,2.3073376906748866,1.9510858247113145,0.86177286156176,-0.7357013887578494,4.518945638235272,0.6444444444444445,0.5833333333333334,0.7055555555555556
high,F_S_R,31,1.344,36,180,180,38.746421274201346,30.506737906650752,46.29525469606513,7.907896465409735,56.397162605311806,2.4547946699534102,-0.34131920427560064,0.8492636660109306,-3.168782368876116,2.354033767636507,0.6277777777777778,0.5777777777777777,0.6833333333333333
high,F_O_R,31,1.344,36,180,180,38.74642127420135,31.098873597608186,46.3820705352616,7.907896465409721,56.397162605312026,2.454794669953417,-0.3413192042755895,0.8492636660109305,-3.1482768766118188,2.4127647189343593,0.6277777777777778,0.5722222222222222,0.6833333333333333
