fs_hz,seed,truth_deg,interp,difference_from_64_deg,oracle_error_deg
16000,11,7.37,8,-0.0004741197612929682,-0.4445539064568038
16000,11,7.37,16,6.423483259254681e-05,-0.4440155518629183
16000,11,7.37,32,-3.2654566552992037e-06,-0.44408305215216615
16000,11,7.37,64,0.0,-0.44407978669551085
16000,11,37.37,8,-5.542094498878214e-05,0.18119370064604823
16000,11,37.37,16,-5.572646011842153e-05,0.181193395130947
16000,11,37.37,32,3.1736848882246704e-07,0.18124943895952583
16000,11,37.37,64,0.0,0.181249121591037
16000,11,67.37,8,0.0004469459591973646,0.4417521456449549
16000,11,67.37,16,3.97090379351539e-05,0.4413449087236927
16000,11,67.37,32,-3.687557068587921e-07,0.4413048309300507
16000,11,67.37,64,0.0,0.44130519968575754
16000,11,97.37,8,-0.00018470735992082155,-0.17865781425615523
16000,11,97.37,16,-4.3608996179500537e-05,-0.1785167158923855
16000,11,97.37,32,-8.335445272678044e-06,-0.1784814423415071
16000,11,97.37,64,0.0,-0.1784731068962344
16000,11,127.37,8,-0.000474119761406655,-0.4445539064568038
16000,11,127.37,16,6.423483247885997e-05,-0.4440155518628899
16000,11,127.37,32,-3.2654567689860414e-06,-0.4440830521521377
16000,11,127.37,64,0.0,-0.44407978669536874
16000,11,157.37,8,-5.542094510246898e-05,0.18119370064610507
16000,11,157.37,16,-5.5726460260530075e-05,0.181193395130947
16000,11,157.37,32,3.173683467139199e-07,0.18124943895955425
16000,11,157.37,64,0.0,0.18124912159120754
16000,11,187.37,8,0.00044694595908367774,0.4417521456449549
16000,11,187.37,16,3.970903787831048e-05,0.44134490872374954
16000,11,187.37,32,-3.687557068587921e-07,0.44130483093010753
16000,11,187.37,64,0.0,0.44130519968587123
16000,11,217.37,8,-0.00018470736003450838,-0.17865781425621208
16000,11,217.37,16,-4.3608996321609084e-05,-0.17851671589255602
16000,11,217.37,32,-8.335445272678044e-06,-0.17848144234147867
16000,11,217.37,64,0.0,-0.178473106896206
16000,11,247.37,8,-0.0004741197614350767,-0.44455390645686066
16000,11,247.37,16,6.423483250728168e-05,-0.4440155518628899
16000,11,247.37,32,-3.2654566552992037e-06,-0.44408305215205246
16000,11,247.37,64,0.0,-0.44407978669539716
16000,11,277.37,8,-5.5420945159312396e-05,0.18119370064607665
16000,11,277.37,16,-5.5726460288951785e-05,0.18119339513089017
16000,11,277.37,32,3.1736831829221046e-07,0.18124943895952583
16000,11,277.37,64,0.0,0.18124912159123596
16000,11,307.37,8,0.0004469459591973646,0.4417521456449549
16000,11,307.37,16,3.97090379351539e-05,0.4413449087236927
16000,11,307.37,32,-3.6875565001537325e-07,0.44130483093010753
16000,11,307.37,64,0.0,0.44130519968575754
16000,11,337.37,8,-0.00018470735997766496,-0.17865781425615523
16000,11,337.37,16,-4.3608996207922246e-05,-0.1785167158923855
16000,11,337.37,32,-8.335445272678044e-06,-0.17848144234147867
16000,11,337.37,64,0.0,-0.17847310689614915
16000,29,7.37,8,-0.0004945777783973426,-0.44351833955440156
16000,29,7.37,16,6.521014393001678e-05,-0.4429585516320742
16000,29,7.37,32,-2.9333404540921038e-06,-0.44302669511648674
16000,29,7.37,64,0.0,-0.4430237617760042
16000,29,37.37,8,-4.876450427104828e-05,0.1807678197301641
16000,29,37.37,16,-6.0985183182538094e-05,0.1807555990512526
16000,29,37.37,32,-4.821274899313721e-07,0.1808161021069452
16000,29,37.37,64,0.0,0.18081658423443514
16000,29,67.37,8,0.00046999770256661577,0.4407315272129324
16000,29,67.37,16,4.542153197917287e-05,0.44030695104231654
16000,29,67.37,32,-2.217089217992907e-06,0.4402593124211194
16000,29,67.37,64,0.0,0.44026152951033737
16000,29,97.37,8,-0.0001926441428850012,-0.1782449116025191
16000,29,97.37,16,-4.549225548089453e-05,-0.178097759715115
16000,29,97.37,32,-8.707043065214748e-06,-0.1780609745026709
16000,29,97.37,64,0.0,-0.1780522674596341
16000,29,127.37,8,-0.0004945777783120775,-0.44351833955437314
16000,29,127.37,16,6.521014404370362e-05,-0.44295855163201736
16000,29,127.37,32,-2.933340340405266e-06,-0.44302669511640147
16000,29,127.37,64,0.0,-0.44302376177606106
16000,29,157.37,8,-4.8764504072096315e-05,0.18076781973022094
16000,29,157.37,16,-6.0985183068851256e-05,0.18075559905122418
16000,29,157.37,32,-4.821273762445344e-07,0.1808161021069168
16000,29,157.37,64,0.0,0.18081658423429303
16000,29,187.37,8,0.00046999770256661577,0.4407315272129608
16000,29,187.37,16,4.542153183706432e-05,0.44030695104220285
16000,29,187.37,32,-2.2170893885231635e-06,0.4402593124210057
16000,29,187.37,64,0.0,0.4402615295103942
16000,29,217.37,8,-0.00019264414299868804,-0.17824491160257594
16000,29,217.37,16,-4.5492255566159656e-05,-0.178097759715115
16000,29,217.37,32,-8.707043150479876e-06,-0.17806097450272773
16000,29,217.37,64,0.0,-0.17805226745957725
16000,29,247.37,8,-0.000494577778454186,-0.44351833955443
16000,29,247.37,16,6.521014393001678e-05,-0.4429585516320458
16000,29,247.37,32,-2.9333403688269755e-06,-0.44302669511637305
16000,29,247.37,64,0.0,-0.4430237617759758
16000,29,277.37,8,-4.8764504128939734e-05,0.1807678197301925
16000,29,277.37,16,-6.0985183125694675e-05,0.18075559905122418
16000,29,277.37,32,-4.821274615096627e-07,0.18081610210685994
16000,29,277.37,64,0.0,0.18081658423432145
16000,29,307.37,8,0.00046999770248135064,0.4407315272129608
16000,29,307.37,16,4.542153183706432e-05,0.44030695104231654
16000,29,307.37,32,-2.2170893885231635e-06,0.4402593124211194
16000,29,307.37,64,0.0,0.4402615295105079
16000,29,337.37,8,-0.00019264414282815778,-0.1782449116025191
16000,29,337.37,16,-4.549225542405111e-05,-0.178097759715115
16000,29,337.37,32,-8.70704297994962e-06,-0.1780609745026709
16000,29,337.37,64,0.0,-0.17805226745969094
48000,11,7.37,8,-9.420192213838163e-06,-0.4445034733896023
48000,11,7.37,16,-1.8831826196219481e-06,-0.44449593637997964
48000,11,7.37,32,-2.3483863742512767e-08,-0.44449407668122376
48000,11,7.37,64,0.0,-0.44449405319736
48000,11,37.37,8,1.9525455940083702e-05,0.18143748770896195
48000,11,37.37,16,-6.12711147596201e-07,0.18141734954184585
48000,11,37.37,32,5.063918706582626e-08,0.1814180128921805
48000,11,37.37,64,0.0,0.18141796225302187
48000,11,67.37,8,-2.26028328143002e-06,0.44171210642042524
48000,11,67.37,16,-3.487750745989615e-07,0.4417140179286605
48000,11,67.37,32,-1.8964556147693656e-07,0.4417141770581736
48000,11,67.37,64,0.0,0.4417143667037351
48000,11,97.37,8,-1.6993433860079676e-05,-0.1786550115699015
48000,11,97.37,16,-1.3785008832201129e-06,-0.17863939663692463
48000,11,97.37,32,1.215121301356703e-07,-0.17863789662391127
48000,11,97.37,64,0.0,-0.1786380181360414
48000,11,127.37,8,-9.42019235594671e-06,-0.44450347338954543
48000,11,127.37,16,-1.8831827333087858e-06,-0.4444959363798944
48000,11,127.37,32,-2.3483892164222198e-08,-0.44449407668108165
48000,11,127.37,64,0.0,-0.4444940531971895
48000,11,157.37,8,1.952545608219225e-05,0.18143748770904722
48000,11,157.37,16,-6.127111191744916e-07,0.18141734954184585
48000,11,157.37,32,5.063904495727911e-08,0.18141801289200998
48000,11,157.37,64,0.0,0.18141796225296503
48000,11,187.37,8,-2.260283025634635e-06,0.4417121064204821
48000,11,187.37,16,-3.4877473353844834e-07,0.4417140179288026
48000,11,187.37,32,-1.8964544779009884e-07,0.44171417705808835
48000,11,187.37,64,0.0,0.44171436670353614
48000,11,217.37,8,-1.6993433490597454e-05,-0.17865501156995833
48000,11,217.37,16,-1.3785005421595997e-06,-0.17863939663698147
48000,11,217.37,32,1.2151244277447404e-07,-0.17863789662402496
48000,11,217.37,64,0.0,-0.1786380181364393
48000,11,247.37,8,-9.420192526476967e-06,-0.4445034733896023
48000,11,247.37,16,-1.8831829038390424e-06,-0.44449593638000806
48000,11,247.37,32,-2.348394900764106e-08,-0.4444940766809964
48000,11,247.37,64,0.0,-0.4444940531970474
48000,11,277.37,8,1.952545608219225e-05,0.18143748770899037
48000,11,277.37,16,-6.127110054876539e-07,0.1814173495419027
48000,11,277.37,32,5.06391302224074e-08,0.1814180128920384
48000,11,277.37,64,0.0,0.18141796225290818
48000,11,307.37,8,-2.260283338273439e-06,0.4417121064204821
48000,11,307.37,16,-3.4877513144238037e-07,0.44171401792874576
48000,11,307.37,32,-1.89645788850612e-07,0.44171417705808835
48000,11,307.37,64,0.0,0.4417143667038772
48000,11,337.37,8,-1.6993434314827027e-05,-0.17865501156984465
48000,11,337.37,16,-1.3785013663891732e-06,-0.17863939663692463
48000,11,337.37,32,1.2151173223173828e-07,-0.1786378966237976
48000,11,337.37,64,0.0,-0.17863801813552982
48000,29,7.37,8,-9.973440000976552e-06,-0.4433360795441956
48000,29,7.37,16,-2.00164689090343e-06,-0.443328107751114
48000,29,7.37,32,-3.34897265474865e-08,-0.4433261395939496
48000,29,7.37,64,0.0,-0.44332610610422307
48000,29,37.37,8,2.0354046341708454e-05,0.18095624970854374
48000,29,37.37,16,-7.236016870137973e-07,0.18093517206054344
48000,29,37.37,32,7.766576004542003e-08,0.1809359733279905
48000,29,37.37,64,0.0,0.18093589566223045
48000,29,67.37,8,-2.3844417285090458e-06,0.44056063341517415
48000,29,67.37,16,-4.2657984522520564e-07,0.44056259127705744
48000,29,67.37,32,-1.910810851768474e-07,0.4405628267758175
48000,29,67.37,64,0.0,0.44056301785690266
48000,29,97.37,8,-1.7791659871591037e-05,-0.1781924209892054
48000,29,97.37,16,-1.4367215044330806e-06,-0.17817606605086667
48000,29,97.37,32,1.2454745501599973e-07,-0.17817450478190722
48000,29,97.37,64,0.0,-0.17817462932936223
48000,29,127.37,8,-9.97344011466339e-06,-0.4433360795441672
48000,29,127.37,16,-2.0016469193251396e-06,-0.44332810775097187
48000,29,127.37,32,-3.3489584438939346e-08,-0.443326139593637
48000,29,127.37,64,0.0,-0.44332610610405254
48000,29,157.37,8,2.035404605749136e-05,0.18095624970857216
48000,29,157.37,16,-7.236020280743105e-07,0.1809351720604866
48000,29,157.37,32,7.766530529806914e-08,0.18093597332781997
48000,29,157.37,64,0.0,0.18093589566251467
48000,29,187.37,8,-2.384441870617593e-06,0.44056063341514573
48000,29,187.37,16,-4.2657993049033394e-07,0.44056259127705744
48000,29,187.37,32,-1.9108119886368513e-07,0.4405628267758175
48000,29,187.37,64,0.0,0.44056301785701635
48000,29,217.37,8,-1.7791660440025225e-05,-0.17819242098926225
48000,29,217.37,16,-1.4367220728672692e-06,-0.17817606605086667
48000,29,217.37,32,1.2454680131668283e-07,-0.17817450478196406
48000,29,217.37,64,0.0,-0.1781746293287938
48000,29,247.37,8,-9.973440199928518e-06,-0.4433360795441672
48000,29,247.37,16,-2.0016470614336868e-06,-0.4433281077510287
48000,29,247.37,32,-3.348992549945251e-08,-0.4433261395939212
48000,29,247.37,64,0.0,-0.4433261061039957
48000,29,277.37,8,2.035404605749136e-05,0.18095624970851532
48000,29,277.37,16,-7.236019996526011e-07,0.18093517206045817
48000,29,277.37,32,7.766533371977857e-08,0.1809359733278484
48000,29,277.37,64,0.0,0.18093589566251467
48000,29,307.37,8,-2.3844419843044307e-06,0.4405606334152026
48000,29,307.37,16,-4.265800725988811e-07,0.44056259127705744
48000,29,307.37,32,-1.9108128412881342e-07,0.4405628267758743
48000,29,307.37,64,0.0,0.44056301785713003
48000,29,337.37,8,-1.7791660383181807e-05,-0.1781924209892054
48000,29,337.37,16,-1.4367220160238503e-06,-0.17817606605080982
48000,29,337.37,32,1.2454694342522998e-07,-0.17817450478190722
48000,29,337.37,64,0.0,-0.17817462932885064
96000,11,7.37,8,-1.9096761434411746e-06,-0.44448811779250263
96000,11,7.37,16,-4.9610036967351334e-08,-0.44448625772636774
96000,11,7.37,32,-2.557771949796006e-08,-0.4444862336940787
96000,11,7.37,64,0.0,-0.4444862081163592
96000,11,37.37,8,-6.283937921125471e-07,0.18141417692672235
96000,11,37.37,16,3.782420776587969e-08,0.18141484314472223
96000,11,37.37,32,-1.3552551081374986e-08,0.18141479176796338
96000,11,37.37,64,0.0,0.18141480532051446
96000,11,67.37,8,-3.591470658648177e-07,0.44170620463756904
96000,11,67.37,16,-1.9786668303822808e-07,0.44170636591795187
96000,11,67.37,32,-8.6656086750736e-09,0.44170655511902623
96000,11,67.37,64,0.0,0.4417065637846349
96000,11,97.37,8,-1.3553743656302686e-06,-0.1786362350638342
96000,11,97.37,16,1.4568166761819157e-07,-0.17863473400777252
96000,11,97.37,32,2.4186419977922924e-08,-0.17863485550302016
96000,11,97.37,64,0.0,-0.17863487968944014
96000,11,127.37,8,-1.9096763139714312e-06,-0.44448811779250263
96000,11,127.37,16,-4.9609980123932473e-08,-0.4444862577261688
96000,11,127.37,32,-2.5577946871635504e-08,-0.44448623369413554
96000,11,127.37,64,0.0,-0.44448620811618866
96000,11,157.37,8,-6.283942752816074e-07,0.18141417692663708
96000,11,157.37,16,3.7823781440238236e-08,0.1814148431446938
96000,11,157.37,32,-1.3552664768212708e-08,0.1814147917682476
96000,11,157.37,64,0.0,0.18141480532091236
96000,11,187.37,8,-3.591494817101193e-07,0.4417062046375122
96000,11,187.37,16,-1.978691273052391e-07,0.4417063659178666
96000,11,187.37,32,-8.666972917126259e-09,0.44170655511999257
96000,11,187.37,64,0.0,0.4417065637869655
96000,11,217.37,8,-1.35537280243625e-06,-0.17863623506389104
96000,11,217.37,16,1.4568311712537252e-07,-0.17863473400802832
96000,11,217.37,32,2.4188040015360457e-08,-0.17863485550310543
96000,11,217.37,64,0.0,-0.17863487969111702
96000,11,247.37,8,-1.9096750634162163e-06,-0.4444881177926163
96000,11,247.37,16,-4.9608701147008105e-08,-0.44448625772622563
96000,11,247.37,32,-2.557692369009601e-08,-0.4444862336944766
96000,11,247.37,64,0.0,-0.4444862081175529
96000,11,277.37,8,-6.283938205342565e-07,0.18141417692663708
96000,11,277.37,16,3.782406565733254e-08,0.18141484314458012
96000,11,277.37,32,-1.3552266864280682e-08,0.18141479176819075
96000,11,277.37,64,0.0,0.18141480532045762
96000,11,307.37,8,-3.5914749219045916e-07,0.44170620463768273
96000,11,307.37,16,-1.978671662072884e-07,0.4417063659179803
96000,11,307.37,32,-8.665892892167903e-09,0.4417065551192536
96000,11,307.37,64,0.0,0.4417065637851465
96000,11,337.37,8,-1.3553742235217214e-06,-0.17863623506377735
96000,11,337.37,16,1.4568172446161043e-07,-0.1786347340078578
96000,11,337.37,32,2.4186533664760645e-08,-0.17863485550304858
96000,11,337.37,64,0.0,-0.17863487968958225
96000,29,7.37,8,-2.026460037996003e-06,-0.44332313646151533
96000,29,7.37,16,-5.871305575055885e-08,-0.4433211687145331
96000,29,7.37,32,-2.5671596404208685e-08,-0.44332113567307374
96000,29,7.37,64,0.0,-0.44332111000147734
96000,29,37.37,8,-7.355915840889793e-07,0.18093580637361129
96000,29,37.37,16,6.357402071444085e-08,0.1809366055392161
96000,29,37.37,32,-1.3553972166846506e-08,0.18093652841125163
96000,29,37.37,64,0.0,0.18093654196519537
96000,29,67.37,8,-4.357068519311724e-07,0.4405590350231705
96000,29,67.37,16,-2.0141467871326313e-07,0.4405592693153437
96000,29,67.37,32,-9.9825570032408e-09,0.44055946074746544
96000,29,67.37,64,0.0,0.44055947073002244
96000,29,97.37,8,-1.4110013353274553e-06,-0.17817476890161288
96000,29,97.37,16,1.4918970236976747e-07,-0.17817320871057518
96000,29,97.37,32,2.4636108264530776e-08,-0.1781733332641693
96000,29,97.37,64,0.0,-0.17817335790027755
96000,29,127.37,8,-2.026460379056516e-06,-0.4433231364615722
96000,29,127.37,16,-5.871345365449088e-08,-0.4433211687146752
96000,29,127.37,32,-2.5672306946944445e-08,-0.44332113567350007
96000,29,127.37,64,0.0,-0.4433211100011931
96000,29,157.37,8,-7.35592095679749e-07,0.1809358063734976
96000,29,157.37,16,6.35735091236711e-08,0.1809366055391024
96000,29,157.37,32,-1.3554455335906823e-08,0.18093652841113794
96000,29,157.37,64,0.0,0.18093654196559328
96000,29,187.37,8,-4.357068519311724e-07,0.4405590350231705
96000,29,187.37,16,-2.0141467871326313e-07,0.44055926931537215
96000,29,187.37,32,-9.982869642044534e-09,0.4405594607471812
96000,29,187.37,64,0.0,0.44055947073002244
96000,29,217.37,8,-1.411002443774123e-06,-0.17817476890161288
96000,29,217.37,16,1.491885939230997e-07,-0.17817320871063203
96000,29,217.37,32,2.4634630335640395e-08,-0.1781733332645672
96000,29,217.37,64,0.0,-0.17817335789919753
96000,29,247.37,8,-2.0264601516828407e-06,-0.4433231364615722
96000,29,247.37,16,-5.8713339967653155e-08,-0.44332116871476046
96000,29,247.37,32,-2.5672193260106724e-08,-0.44332113567361375
96000,29,247.37,64,0.0,-0.4433211100014205
96000,29,277.37,8,-7.355917546192359e-07,0.18093580637366813
96000,29,277.37,16,6.357385018418427e-08,0.18093660553927293
96000,29,277.37,32,-1.355425638394081e-08,0.18093652841116636
96000,29,277.37,64,0.0,0.18093654196542275
96000,29,307.37,8,-4.35706823509463e-07,0.44055903502322735
96000,29,307.37,16,-2.014146502915537e-07,0.44055926931537215
96000,29,307.37,32,-9.9825570032408e-09,0.4405594607475223
96000,29,307.37,64,0.0,0.4405594707300793
96000,29,337.37,8,-1.4110015342794213e-06,-0.17817476890166972
96000,29,337.37,16,1.4918941815267317e-07,-0.1781732087107457
96000,29,337.37,32,2.4636108264530776e-08,-0.1781733332640556
96000,29,337.37,64,0.0,-0.17817335790010702
192000,11,7.37,8,-4.9285176828561816e-08,-0.44448234065814063
192000,11,7.37,16,-2.498177309462335e-08,-0.4444823163547369
192000,11,7.37,32,5.7335114433954e-10,-0.44448229079961266
192000,11,7.37,64,0.0,-0.4444822913729638
192000,11,37.37,8,3.464344899839489e-08,0.1814132601390952
192000,11,37.37,16,-1.7098813032134785e-08,0.1814132083968616
192000,11,37.37,32,-3.5475977711030282e-09,0.18141322194804843
192000,11,37.37,64,0.0,0.1814132254956462
192000,11,67.37,8,-1.936817852765671e-07,0.4417024342485547
192000,11,67.37,16,-4.699529654317303e-09,0.44170262323081033
192000,11,67.37,32,4.002629339083796e-09,0.4417026319329693
192000,11,67.37,64,0.0,0.44170262793034
192000,11,97.37,8,1.4499792655442434e-07,-0.1786331361817588
192000,11,97.37,16,2.351077910134336e-08,-0.17863325766887783
192000,11,97.37,32,-6.314451184152858e-10,-0.17863328181113047
192000,11,97.37,64,0.0,-0.17863328117965693
192000,11,127.37,8,-4.9285688419331564e-08,-0.44448234065828274
192000,11,127.37,16,-2.4982170998555375e-08,-0.4444823163547653
192000,11,127.37,32,5.735216745961225e-10,-0.44448229079910107
192000,11,127.37,64,0.0,-0.44448229137262274
192000,11,157.37,8,3.4643136359591153e-08,0.18141326013903836
192000,11,157.37,16,-1.709904040581023e-08,0.1814132083968616
192000,11,157.37,32,-3.5483083138387883e-09,0.18141322194759368
192000,11,157.37,64,0.0,0.181413225495902
192000,11,187.37,8,-1.9368107473383134e-07,0.4417024342485547
192000,11,187.37,16,-4.69935912406072e-09,0.4417026232302419
192000,11,187.37,32,4.001549314125441e-09,0.44170263193115034
192000,11,187.37,64,0.0,0.441702627929601
192000,11,217.37,8,1.4499886447083554e-07,-0.17863313618204302
192000,11,217.37,16,2.3512001234848867e-08,-0.17863325766893468
192000,11,217.37,32,-6.315588052530074e-10,-0.17863328181249472
192000,11,217.37,64,0.0,-0.1786332811809075
192000,11,247.37,8,-4.928682528770878e-08,-0.4444823406583964
192000,11,247.37,16,-2.498390472283063e-08,-0.4444823163555043
192000,11,247.37,32,5.722426976717543e-10,-0.4444822907993853
192000,11,247.37,64,0.0,-0.444482291371628
192000,11,277.37,8,3.464219844317995e-08,0.18141326013915204
192000,11,277.37,16,-1.7100177274187445e-08,0.1814132083967479
192000,11,277.37,32,-3.549615712472587e-09,0.18141322194730947
192000,11,277.37,64,0.0,0.1814132254969536
192000,11,307.37,8,-1.9368195580682368e-07,0.4417024342485547
192000,11,307.37,16,-4.699700184573885e-09,0.44170262323081033
192000,11,307.37,32,4.001833531219745e-09,0.4417026319324009
192000,11,307.37,64,0.0,0.44170262793056736
192000,11,337.37,8,1.4499804024126206e-07,-0.17863313618181564
192000,11,337.37,16,2.351080752305279e-08,-0.17863325766904836
192000,11,337.37,32,-6.314166967058554e-10,-0.17863328181124416
192000,11,337.37,64,0.0,-0.17863328117982746
192000,29,7.37,8,-5.773364364358713e-08,-0.4433196788098712
192000,29,7.37,16,-2.4910235651987023e-08,-0.44331964598646323
192000,29,7.37,32,7.817106961738318e-10,-0.4433196202945169
192000,29,7.37,64,0.0,-0.4433196210762276
192000,29,37.37,8,5.991461193843861e-08,0.18093696296244843
192000,29,37.37,16,-1.6943999980867375e-08,0.18093688610383651
192000,29,37.37,32,-3.389573066669982e-09,0.18093689965826343
192000,29,37.37,64,0.0,0.1809369030478365
192000,29,67.37,8,-1.9808504703178187e-07,0.44055761030898566
192000,29,67.37,16,-6.4775349528645165e-09,0.44055780191652616
192000,29,67.37,32,3.492573341645766e-09,0.44055781188660603
192000,29,67.37,64,0.0,0.4405578083940327
192000,29,97.37,8,1.4889477029100817e-07,-0.17817261417491181
192000,29,97.37,16,2.4337282411579508e-08,-0.1781727387323997
192000,29,97.37,32,-3.347508936712984e-10,-0.17817276340446142
192000,29,97.37,64,0.0,-0.1781727630696821
192000,29,127.37,8,-5.773460998170776e-08,-0.4433196788099849
192000,29,127.37,16,-2.4911201990107656e-08,-0.4433196459865485
192000,29,127.37,32,7.812559488229454e-10,-0.443319620294119
192000,29,127.37,64,0.0,-0.4433196210753749
192000,29,157.37,8,5.991446982989146e-08,0.18093696296210737
192000,29,157.37,16,-1.6943943137448514e-08,0.1809368861036944
192000,29,157.37,32,-3.3896014883794123e-09,0.18093689965803605
192000,29,157.37,64,0.0,0.18093690304763754
192000,29,187.37,8,-1.9808388174169522e-07,0.44055761030881513
192000,29,187.37,16,-6.476284397649579e-09,0.4405578019164409
192000,29,187.37,32,3.492772293611779e-09,0.44055781188546916
192000,29,187.37,64,0.0,0.4405578083927253
192000,29,217.37,8,1.488940597482724e-07,-0.17817261417479813
192000,29,217.37,16,2.4336401338587166e-08,-0.17817273873242812
192000,29,217.37,32,-3.360014488862362e-10,-0.17817276340485932
192000,29,217.37,64,0.0,-0.17817276306885788
192000,29,247.37,8,-5.773370048700599e-08,-0.4433196788099849
192000,29,247.37,16,-2.491015038685873e-08,-0.4433196459864348
192000,29,247.37,32,7.826770342944656e-10,-0.4433196202936074
192000,29,247.37,64,0.0,-0.4433196210762844
192000,29,277.37,8,5.99150666857895e-08,0.18093696296250528
192000,29,277.37,16,-1.6943488390097627e-08,0.1809368861039502
192000,29,277.37,32,-3.3896299100888427e-09,0.18093689965780868
192000,29,277.37,64,0.0,0.1809369030474386
192000,29,307.37,8,-1.980844217541744e-07,0.4405576103090425
192000,29,307.37,16,-6.477137048932491e-09,0.4405578019163272
192000,29,307.37,32,3.4932554626720957e-09,0.4405578118867197
192000,29,307.37,64,0.0,0.44055780839346426
192000,29,337.37,8,1.488947134475893e-07,-0.17817261417479813
192000,29,337.37,16,2.4337055037904065e-08,-0.17817273873248496
192000,29,337.37,32,-3.3517721931275446e-10,-0.1781727634046888
192000,29,337.37,64,0.0,-0.17817276306948315
